17582,A.I.C Ebenezer ,Dispensary,Christian Health Association of Kenya,Rift Valley,Baringo,Baringo Central,Kabarnet,Ngolong,Ngolong,BARINGO CENTRAL,Kabarnet,Level 2,,0,0,0,0,Operational
17352,Barnet Memorial Hospital,Other Hospital,Private Enterprise (Institution),Rift Valley,Baringo,Baringo Central,Kabarnet,Kabarnet mosop,Kaprogonya,BARINGO CENTRAL,Kabarnet,Level 3,,1,1,17,0,Operational
14246,Bekibon Dispensary,Dispensary,Ministry of Health,Rift Valley,Baringo,Baringo Central,Tenges,Tenges,Bekibon,BARINGO CENTRAL,Kabarnet ,Level 2,,0,0,0,0,Operational
14269,Borrowonin  Dispensary,Dispensary,Ministry of Health,Rift Valley,Baringo,Baringo Central,Kabarnet ,Kapropita ,Borowonin,BARINGO CENTRAL,Kabarnet,Level 2,,0,0,0,0,Operational
14352,Cheplambus Dispensary,Dispensary,Ministry of Health,Rift Valley,Baringo,Baringo Central,Tenges,Emom,Cheplambus,BARINGO CENTRAL,Kabarnet ,Level 2,,0,0,0,0,Operational
17018,Chesongo Dispensary,Dispensary,Ministry of Health,Rift Valley,Baringo,Baringo Central,Salawa,Lelmen,Lelmen,BARINGO CENTRAL,Kabarnet,Level 2,,0,0,0,0,Operational
14607,Kabarnet District Hospital ,District Hospital,Ministry of Health,Rift Valley,Baringo,Baringo Central,Kabarnet ,Kapropita ,Kaprogonya ,BARINGO CENTRAL,Kabarnet,Level 4,,1,1,160,11,Operational
17492,Kabarnet Faith Clinic,Medical Clinic,Private Practice - Clinical Officer,Rift Valley,Baringo,Baringo Central,Kabarnet,Kabarnet Mosop,Seguton,BARINGO CENTRAL,Kabarnet,Level 2,,0,1,0,0,Operational
14608,Kabarnet High School Dispensary,Dispensary,Private Enterprise (Institution),Rift Valley,Baringo,Baringo Central,Kabarnet ,Kabarnet,Kabarnet,BARINGO CENTRAL,Kabarnet,Level 2,,0,0,0,0,Operational
17595,Kabarnet Womens' Clinic,Medical Clinic,Private Practice - Medical Specialist,Rift Valley,Baringo,Baringo Central,Kabarnet,Kabarnet Mosop,Seguton,BARINGO CENTRAL,Kabarnet,Level 2,410,0,1,0,0,Operational
14677,Kampi Samaki Health Centre,Health Centre,Ministry of Health,Rift Valley,Baringo,Baringo Central,Marigat,Salabani,Meisori,BARINGO CENTRAL,Marigat ,Level 3,,1,1,3,0,Operational
14710,Kapkelelwa  Dispensary,Dispensary,Ministry of Health,Rift Valley,Baringo,Baringo Central,Sacho,Sacho Soi,Kapkelelwa,BARINGO CENTRAL,Kabarnet,Level 2,,0,0,6,0,Operational
14723,Kapkole Dispensary,Dispensary,Ministry of Health,Rift Valley,Baringo,Baringo Central,Kabarnet ,Orokwo,Kapchepterit,BARINGO CENTRAL,Kabarnet,Level 2,,0,0,0,0,Operational
17019,Kapkomoi Dispensary,Dispensary,Ministry of Health,Rift Valley,Baringo,Baringo Central,Kabarnet ,Ewalel,Kapkomoi,BARINGO CENTRAL,Kabarnet,Level 2,,0,0,0,0,Operational
14729,Kapkuei Dispensary,Dispensary,Ministry of Health,Rift Valley,Baringo,Baringo Central,Sacho,Kibonjos ,Kapkuei,BARINGO CENTRAL,Kabarnet,Level 2,,0,0,0,0,Operational
14732,Kapkures Dispensary (Baringo),Dispensary,Ministry of Health,Rift Valley,Baringo,Baringo Central,Sacho ,Kibonjos ,Kapkures,BARINGO CENTRAL,Kabarnet,Level 2,,0,0,0,0,Pending Opening
14735,Kaplel Dispensary,Dispensary,Ministry of Health,Rift Valley,Baringo,Baringo Central,Sacho,Sacho Mosop,Kaplel,BARINGO CENTRAL,Kabarnet,Level 2,339,0,0,0,0,Operational
14784,Kaptimbor  Dispensary,Dispensary,Ministry of Health,Rift Valley,Baringo,Baringo Central,Kabarnet ,Kaprogonya,Kaptimbor,BARINGO CENTRAL,Kabarnet,Level 2,,0,0,0,0,Operational
14775,Kaptorokwa Dispensary,Dispensary,Ministry of Health,Rift Valley,Baringo,Baringo Central,Kabarnet ,Ngetmoi,Kaptarakwa,BARINGO CENTRAL,Kabarnet ,Level 2,,0,0,0,0,Pending Opening
14809,Kasiela Dispensary,Dispensary,Ministry of Health,Rift Valley,Baringo,Baringo Central,Mochongoi,chebinyiny,Kasiela,BARINGO CENTRAL,Kabarnet ,Level 2,,0,0,0,0,Operational
14811,Kasitet  Dispensary,Dispensary,Ministry of Health,Rift Valley,Baringo,Baringo Central,Salawa,Kapropita Soi,Kurumpopsoo,BARINGO CENTRAL,Kabarnet,Level 2,,0,0,0,0,Operational
14851,Kibingor  Dispensary,Dispensary,Ministry of Health,Rift Valley,Baringo,Baringo Central,Kabarnet ,Kimondis,Kibingor,BARINGO CENTRAL,Kabarnet,Level 2,,0,0,0,0,Operational
14855,Kiboino  Dispensary,Dispensary,Ministry of Health,Rift Valley,Baringo,Baringo Central,Salawa,Kiboino,Kiboino,BARINGO CENTRAL,Kabarnet,Level 2,,0,0,0,0,Operational
14907,Kipsacho Dispensary,Dispensary,Ministry of Health,Rift Valley,Baringo,Baringo Central,Kabarnet ,Kabasis,Kaptiriony,BARINGO CENTRAL,Kabarnet,Level 2,1606,0,0,0,0,Operational
14923,Kiptagich  Health Centre,Health Centre,Ministry of Health,Rift Valley,Baringo,Baringo Central,Sacho,Sacho Mosop,Kaptich,BARINGO CENTRAL,Kabarnet,Level 3,,1,1,12,1,Operational
14944,Kisok Dispensary,Dispensary,Community,Rift Valley,Baringo,Baringo Central,Kabarnet ,Kapropita Soi,Sagasak,BARINGO CENTRAL,Kabarnet,Level 2,,0,0,0,0,Pending Opening
16672,Kisonei Dispensary,Dispensary,Ministry of Health,Rift Valley,Baringo,Baringo Central,Tenges,Tenges,Kisonei,BARINGO CENTRAL,Kabarnet,Level 2,,0,0,0,0,Operational
14953,Kituro Health Centre,Health Centre,Ministry of Health,Rift Valley,Baringo,Baringo Central,Kabarnet ,Kituro,Kituro,BARINGO CENTRAL,Kabarnet,Level 3,,0,0,8,0,Operational
15197,Mogorwa  Health Centre,Health Centre,Ministry of Health,Rift Valley,Baringo,Baringo Central,Tenges,Emmom,Mogorwa,BARINGO CENTRAL,Kabarnet ,Level 3,,0,0,10,0,Operational
18363,Moi Teachers College - Baringo ,VCT Centre (Stand-Alone),Other Public Institution,Rift Valley,Baringo,Baringo Central,Kabarnet,Ewalel,Seretunin,BARINGO CENTRAL,Kabarnet,Level 2,,0,0,0,0,Not-Operational
18279,Mwafrika institute of development,Training Institution in Health (Stand-alone),Non-Governmental Organizations,Rift Valley,Baringo,Baringo Central,Kabarnet,Kabarnet Mosop,Seguton,BARINGO CENTRAL,Kabarnet Town,Level 2,,0,0,0,0,Operational
15346,Ngetmoi  Dispensary,Dispensary,Ministry of Health,Rift Valley,Baringo,Baringo Central,Kabarnet ,Ngetmoi,Tiriony,BARINGO CENTRAL,Kabarnet,Level 2,,0,0,4,0,Operational
15382,Ochii Dispensary,Dispensary,Ministry of Health,Rift Valley,Baringo,Baringo Central,Tenges,Chepkero,Ochii,BARINGO CENTRAL,Kabarnet ,Level 2,,0,0,0,0,Operational
15487,Riwo  Dispensary,Dispensary,Ministry of Health,Rift Valley,Baringo,Baringo Central,Kabarnet ,Kituro,Riwo,BARINGO CENTRAL,Kabarnet,Level 2,,0,0,0,0,Operational
15506,Sabor  Dispensary,Dispensary,Ministry of Health,Rift Valley,Baringo,Baringo Central,Marigat,Marigat,Sabor,BARINGO CENTRAL,Marigat ,Level 2,,0,0,0,0,Operational
15510,Sacho School Dispensary,Dispensary,Private Enterprise (Institution),Rift Valley,Baringo,Baringo Central,Sacho,Sacho Mosop,kabarak,BARINGO CENTRAL,Kabarnet,Level 2,,0,0,0,0,Operational
15517,Salabani Dispensary,Dispensary,Ministry of Health,Rift Valley,Baringo,Baringo Central,Marigat,Salabani,Salabani,BARINGO CENTRAL,Marigat ,Level 2,,0,0,0,0,Pending Opening
15521,Salawa Catholic Mission Dispensary PHC,Dispensary,Kenya Episcopal Conference-Catholic Secretariat,Rift Valley,Baringo,Baringo Central,Salawa,Kabarnet Soi,Salawa,BARINGO CENTRAL,Kabarnet,Level 2,,0,0,0,0,Operational
15522,Salawa Health Centre,Health Centre,Ministry of Health,Rift Valley,Baringo,Baringo Central,Salawa,Salawa,Salawa,BARINGO CENTRAL,Kabarnet,Level 3,,1,1,6,1,Operational
15549,Seretunin Health Centre,Health Centre,Ministry of Health,Rift Valley,Baringo,Baringo Central,Kabarnet ,Ewalel,Seretunin,BARINGO CENTRAL,Kabarnet,Level 2,,1,1,5,0,Operational
17350,Sirata Dispensary,Dispensary,NOT IN LIST,Rift Valley,Baringo,Baringo Central,Mukutani,Mukutani,,BARINGO CENTRAL,Marigat,Level 2,,0,0,0,0,Not-Operational
15604,Sogon  Dispensary,Dispensary,Ministry of Health,Rift Valley,Baringo,Baringo Central,Kabarnet ,Ewalel,Sogon,BARINGO CENTRAL,Kabarnet,Level 2,,0,0,0,0,Operational
16673,Sorok Dispensary,Dispensary,Ministry of Health,Rift Valley,Baringo,Baringo Central,Tenges,Tenges,Ochii,BARINGO CENTRAL,Kabarnet,Level 2,,0,0,0,0,Operational
15701,Talai  Dispensary,Dispensary,Ministry of Health,Rift Valley,Baringo,Baringo Central,Kabarnet ,Talai,Kaptumo,BARINGO CENTRAL,Kabarnet,Level 2,,0,0,0,0,Operational
15712,Tebei Dispensary,Dispensary,Ministry of Health,Rift Valley,Baringo,Baringo Central,Tenges,Tenges,Tebei,BARINGO CENTRAL,Kabarnet ,Level 2,,0,0,0,0,Operational
15718,Tenges  Health Centre,Health Centre,Ministry of Health,Rift Valley,Baringo,Baringo Central,Tenges,Tenges,Tenges,BARINGO CENTRAL,Kabarnet ,Level 3,,1,1,17,3,Operational
15724,Timboiywo Dispensary,Dispensary,Ministry of Health,Rift Valley,Baringo,Baringo Central,Sacho,Kabasis,Timboiywo,BARINGO CENTRAL,Kabarnet,Level 2,242,0,0,4,2,Operational
18746,Tionybei Medical Clinic,Medical Clinic,Private Enterprise (Institution),Rift Valley,Baringo,Baringo Central,Kabarnet,Kabarnet Mosop,Kewamoi,BARINGO CENTRAL,Kabarnet,Level 2,938/129,0,1,0,0,Operational
15744,Tuiyobei  Dispensary,Dispensary,Ministry of Health,Rift Valley,Baringo,Baringo Central,Mochongoi,Kimoriot,Tuiyobei,BARINGO CENTRAL,Kabarnet ,Level 2,,0,0,0,0,Operational
14193,Aiyebo Dispensary,Dispensary,Ministry of Health,Rift Valley,Baringo,Baringo North,Kabartonjo,Saimo,Tirimionin,BARINGO NORTH,Kabartonjo,Level 2,,0,0,0,0,Operational
14220,Atiar  Dispensary,Dispensary,Community,Rift Valley,Baringo,Baringo North,Bartabwa,Bartabwa,Atiar,BARINGO NORTH,Kabartonjo,Level 2,,0,0,0,0,Operational
14241,Bartabwa  Dispensary,Dispensary,Ministry of Health,Rift Valley,Baringo,Baringo North,Bartabwa,Kinyach,Bartabwa,BARINGO NORTH,Kabartonjo,Level 2,,0,0,0,0,Operational
14242,Bartolimo  Dispensary,Dispensary,Ministry of Health,Rift Valley,Baringo,Baringo North,Kipsaraman,Kipsaraman,Kapteberewo,BARINGO NORTH,Kabartonjo,Level 2,,0,0,0,0,Operational
14243,Barwessa HealthCentre,Dispensary,Ministry of Health,Rift Valley,Baringo,Baringo North,Barwessa,Lawan,Barwessa,BARINGO NORTH,Kabartonjo,Level 2,,0,0,5,0,Operational
14270,Bossei Dispensary,Dispensary,Ministry of Health,Rift Valley,Baringo,Baringo North,Kabartonjo,Kelyo,Bossei,BARINGO NORTH,Kabartonjo,Level 2,,0,0,0,0,Operational
14609,Kabartonjo District Hospital,District Hospital,Ministry of Health,Rift Valley,Baringo,Baringo North,Kabartonjo,Kabartonjo,Kabartonjo,BARINGO NORTH,Kabartonjo,Level 3,,1,1,18,0,Operational
17100,Kalabata Dispensary,Dispensary,Ministry of Health,Rift Valley,Baringo,Baringo North,Bartabwa,Kinyach,Kalabata,BARINGO NORTH,Kabartonjo,Level 2,,0,0,0,0,Operational
14694,Kapchepkor  Dispensary,Dispensary,Ministry of Health,Rift Valley,Baringo,Baringo North,Kabartonjo,Saimo,Kapchepkor,BARINGO NORTH,Kabartonjo,Level 2,,0,0,0,0,Operational
14716,Kapkiamo Dispensary,Dispensary,Ministry of Health,Rift Valley,Baringo,Baringo North,Kabartonjo,Kelyo,Kapkiamo,BARINGO NORTH,Kabartonjo,Level 2,,0,0,0,0,Operational
14743,Kapluk Dispensary,Dispensary,Ministry of Health,Rift Valley,Baringo,Baringo North,Barwessa,Barwessa,Kapluk,BARINGO NORTH,Kabartonjo,Level 2,,0,0,0,0,Operational
14785,Kaptiony Dispensary,Dispensary,Ministry of Health,Rift Valley,Baringo,Baringo North,Barwessa,Barwessa,Kaptiony,BARINGO NORTH,Kabartonjo,Level 2,,0,0,0,0,Operational
14788,Kaptum Dispensary,Dispensary,Ministry of Health,Rift Valley,Baringo,Baringo North,Kabartonjo,Ossen,Kaptumin,BARINGO NORTH,Kabartonjo,Level 2,,0,0,0,0,Operational
14790,Kaptumin Dispensary,Dispensary,Ministry of Health,Rift Valley,Baringo,Baringo North,Kabartonjo,Ossen,Kaptumin,BARINGO NORTH,Kabartonjo,Level 2,,0,0,0,0,Operational
14793,Kapturo Dispensary (Bartabwa),Dispensary,Ministry of Health,Rift Valley,Baringo,Baringo North,Bartabwa,Bartabwa,Kapturo,BARINGO NORTH,Kabartonjo,Level 2,,0,0,0,0,Operational
14810,Kasisit Dispensary,Dispensary,Ministry of Health,Rift Valley,Baringo,Baringo North,Kabartonjo,Saimo,Kasisit,BARINGO NORTH,Kabartonjo,Level 2,,0,0,0,0,Operational
14812,Kasok  Dispensary,Dispensary,Ministry of Health,Rift Valley,Baringo,Baringo North,Kipsaraman,Kipsaraman,Kasok,BARINGO NORTH,Kabartonjo,Level 2,,0,0,0,0,Operational
14817,Katibel Dispensary,Dispensary,Ministry of Health,Rift Valley,Baringo,Baringo North,Barwessa,Barwessa,Katibel,BARINGO NORTH,Kabartonjo,Level 2,,0,0,0,0,Operational
14843,Keturwo Dispensary,Dispensary,Ministry of Health,Rift Valley,Baringo,Baringo North,Barwessa,Barwessa,Keturwo,BARINGO NORTH,Kabartonjo,Level 2,,0,0,0,0,Operational
17102,Kibiryokwonin Dispensary,Dispensary,Ministry of Health,Rift Valley,Baringo,Baringo North,Kipsaraman,Kipkata,Barketeu,BARINGO NORTH,Kipsaraman,Level 2,2672,0,0,0,0,Operational
14881,Kimugul Dispensary (Baringo North),Dispensary,Ministry of Health,Rift Valley,Baringo,Baringo North,Kipsaraman,Kipsaraman,Kimugul,BARINGO NORTH,Kabartonjo,Level 2,,0,0,0,0,Operational
14888,Kinyach Dispensary,Dispensary,Ministry of Health,Rift Valley,Baringo,Baringo North,Bartabwa,Bartabwa,Kinyach,BARINGO NORTH,Kabartonjo,Level 2,,0,0,0,0,Operational
14889,Kipcherere Dispensary,Dispensary,Ministry of Health,Rift Valley,Baringo,Baringo North,Kabartonjo,Saimo,Kipcherere,BARINGO NORTH,Kabartonjo,Level 2,,0,0,0,0,Operational
14912,Kipsaraman  Dispensary,Dispensary,Kenya Episcopal Conference-Catholic Secretariat,Rift Valley,Baringo,Baringo North,Kipsaraman,Kipsaraman,Kipsaraman,BARINGO NORTH,Kabartonjo,Level 2,,0,0,4,0,Operational
14993,Koroto Dispensary,Dispensary,Ministry of Health,Rift Valley,Baringo,Baringo North,Kabartonjo,Sibilo,Koroto ,BARINGO NORTH,Kabartonjo,Level 2,,0,0,0,0,Operational
14998,Kuikui Dispensary,Dispensary,Ministry of Health,Rift Valley,Baringo,Baringo North,Barwessa,Barwessa,Kuikui,BARINGO NORTH,Kabartonjo,Level 2,,0,0,8,0,Operational
15036,Likwon Dispensary,Dispensary,Ministry of Health,Rift Valley,Baringo,Baringo North,Barwessa,Kaboskei,Likwon,BARINGO NORTH,Kabartonjo,Level 2,,0,0,0,0,Operational
17115,Moigutwo Dispensary,Dispensary,Ministry of Health,Rift Valley,Baringo,Baringo North,Bartabwa,Kaboskei,Yatya,BARINGO NORTH,Kabartonjo,Level 2,,0,0,0,0,Operational
15223,Mormorio Dispensary,Dispensary,Ministry of Health,Rift Valley,Baringo,Baringo North,Kabartonjo,Kelyo,Mormorio,BARINGO NORTH,Kabartonjo,Level 2,,0,0,0,0,Operational
15243,Muchukwo Dispensary,Dispensary,Ministry of Health,Rift Valley,Baringo,Baringo North,Barwessa,Barwessa,Muchukwo,BARINGO NORTH,Kabartonjo,Level 2,,0,0,0,0,Operational
15465,Poi  Dispensary,Dispensary,Ministry of Health,Rift Valley,Baringo,Baringo North,Kipsaraman,Kipsaraman,Poi,BARINGO NORTH,Kabartonjo,Level 2,,0,0,0,0,Operational
17101,Rondonin Dispensary,Dispensary,Ministry of Health,Rift Valley,Baringo,Baringo North,Kipsaraman,Sibilo,Rondonin,BARINGO NORTH,Kabartonjo,Level 2,,0,0,0,0,Operational
15562,Sibilo Dispensary,Dispensary,Ministry of Health,Rift Valley,Baringo,Baringo North,Kabartonjo,Sibilo,Sibilo,BARINGO NORTH,Kabartonjo,Level 2,,0,0,0,0,Operational
15684,Sumeiyon Dispensary,Dispensary,Ministry of Health,Rift Valley,Baringo,Baringo North,Kabartonjo,Ossen,Sumeiyon,BARINGO NORTH,Kabartonjo,Level 2,,0,0,0,0,Operational
17103,Sutyechun Dispensary,Dispensary,Ministry of Health,Rift Valley,Baringo,Baringo North,Kabartonjo,Bartum,Koroto,BARINGO NORTH,Kabartonjo,Level 2,,0,0,0,0,Not-Operational
15729,Tirimionin Dispensary,Dispensary,Ministry of Health,Rift Valley,Baringo,Baringo North,Kabartonjo,Saimo,Tirimionin,BARINGO NORTH,Kabartonjo,Level 2,,0,0,0,0,Operational
15730,Tirriondonin Dispensary,Dispensary,Ministry of Health,Rift Valley,Baringo,Baringo North,Kabartonjo,Ossen,Tiriondonin,BARINGO NORTH,Kabartonjo,Level 2,,0,0,0,0,Operational
15785,Yatya  Dispensary,Dispensary,Ministry of Health,Rift Valley,Baringo,Baringo North,Kipsaraman,Kipsaraman,Yatya,BARINGO NORTH,Kabartonjo,Level 2,,0,0,0,0,Operational
17797,Amaya/Plesian Dispensary,Dispensary,Ministry of Health,Rift Valley,Baringo,East Pokot,Churo,Amaya,Amaya,BARINGO EAST,Chemolingot,Level 2,,3,3,0,0,Operational
14235,Barpello Dispensary,Dispensary,Ministry of Health,Rift Valley,Baringo,East Pokot,Kolowa,Kolowa,Kolowa,BARINGO EAST,Chemolingot,Level 2,,0,0,8,0,Operational
14321,Chemolingot District Hospital,District Hospital,Ministry of Health,Rift Valley,Baringo,East Pokot,Nginyang,Kositei,Kositei,BARINGO EAST,Chemolingot,Level 3,,1,1,14,4,Operational
16731,Chemsik Dispensary,Dispensary,Community,Rift Valley,Baringo,East Pokot,Nginyang ,Kositei ,Nginyang west,BARINGO EAST,Chemolingot,Level 2,,0,0,0,0,Pending Opening
16727,Chepkalacha Dispensary,Dispensary,Community,Rift Valley,Baringo,East Pokot,Tangulbei ,Korosi ,Kechii,BARINGO EAST,Chemolingot,Level 2,,0,0,0,0,Not-Operational
16736,Chepturu Dispensary,Dispensary,Community,Rift Valley,Baringo,East Pokot,Kolowa ,Kolowa,Barpello,BARINGO EAST,Chemolingot,Level 2,,0,0,0,0,Pending Opening
16728,Chesirimion Dispensary,Dispensary,Ministry of Health,Rift Valley,Baringo,East Pokot,Mondi,Loiyamorok ,Kokoree,BARINGO EAST,Chemolingot,Level 2,,0,0,0,0,Operational
14392,Churo Dispensary,Dispensary,Christian Health Association of Kenya,Rift Valley,Baringo,East Pokot,Churo,Churo,Churo,BARINGO EAST,Chemolingot,Level 2,,0,0,0,0,Operational
16726,Kalapata Dispensary,Dispensary,Community,Rift Valley,Baringo,East Pokot,Tangulbei ,Tangulbei ,chemoigut,BARINGO EAST,Chemolingot,Level 2,,0,0,0,0,Pending Opening
14678,Kamurio Dispensary,Dispensary,Ministry of Health,Rift Valley,Baringo,East Pokot,Nginyang,Ribkwo,Ribkwo,BARINGO EAST,Chemolingot,Level 2,,0,0,0,0,Operational
16725,Kaptuya Dispensary,Dispensary,Ministry of Health,Rift Valley,Baringo,East Pokot,Churo,Kaptuya ,Kaptuya,BARINGO EAST,Chemolingot,Level 2,,0,0,0,0,Pending Opening
16737,Kapunyany Dispensary,Dispensary,Community,Rift Valley,Baringo,East Pokot,Kolowa,Torioko,kapunyany,BARINGO EAST,Chemolingot,Level 2,,0,0,0,0,Pending Opening
16733,Kipnai Dispensary,Dispensary,Community,Rift Valley,Baringo,East Pokot,Kolowa ,Kipnai ,kipnai,BARINGO EAST,Chemolingot,Level 2,,0,0,0,0,Pending Opening
14978,Kokwototo Dispensary,Dispensary,Christian Health Association of Kenya,Rift Valley,Baringo,East Pokot,Tangulbei,Korossi,Korossi,BARINGO EAST,Chemolingot,Level 2,,0,0,0,0,Operational
14979,Kolowa Health centre,Health Centre,Ministry of Health,Rift Valley,Baringo,East Pokot,Kolowa,Kolowa,Kolloa,BARINGO EAST,Chemolingot,Level 2,,0,0,0,0,Operational
14983,Komolion Dispensary,Dispensary,Ministry of Health,Rift Valley,Baringo,East Pokot,Tangulbei,Mukutani,Mukutani,BARINGO EAST,Marigat,Level 2,,0,0,0,0,Operational
14995,Kositei Dispensary,Dispensary,Ministry of Health,Rift Valley,Baringo,East Pokot,Nginyang,Kositei,Kositei,BARINGO EAST,Chemolingot,Level 2,,0,0,0,0,Operational
15053,Loiwat Dispensary,Dispensary,Ministry of Health,Rift Valley,Baringo,East Pokot,Kolowa,Kolowa,Kolowa,BARINGO EAST,Chemolingot,Level 2,,0,0,0,0,Operational
15091,Loruk Dispensary (East Pokot),Dispensary,Ministry of Health,Rift Valley,Baringo,East Pokot,Mondi,Loiyamorok,Loiyamorok,BARINGO EAST,Chemolingot,Level 2,,0,0,0,0,Operational
15141,Maron Dispensary,Dispensary,Ministry of Health,Rift Valley,Baringo,East Pokot,Nginyang,Ribkwo,Ribkwo,BARINGO EAST,Chemolingot,Level 2,,0,0,0,0,Operational
15249,Mukutani Dispensary (East Pokot),Dispensary,Ministry of Health,Rift Valley,Baringo,East Pokot,Tangulbei,Mukutani,Mukutani,BARINGO EAST,Chemolingot,Level 2,,0,0,0,0,Operational
16729,Nakoko Dispensary,Dispensary,Community,Rift Valley,Baringo,East Pokot,Mondi,Silale ,Nakoko,BARINGO EAST,Chemolingot,Level 2,,0,0,0,0,Pending Opening
15347,Nginyang Health Centre,Health Centre,Ministry of Health,Rift Valley,Baringo,East Pokot,Mondi,Loiyamorok,Loiyamorok,BARINGO EAST,Chemolingot,Level 3,,1,1,12,0,Operational
15352,Ngoron Dispensary,Dispensary,Ministry of Health,Rift Valley,Baringo,East Pokot,Kolowa,Kolowa,Kolowa,BARINGO EAST,Chemolingot,Level 2,,0,0,0,0,Operational
16732,Nyakwala Dispensary,Dispensary,Community,Rift Valley,Baringo,East Pokot,Nginyang ,Ribko ,Maron,BARINGO EAST,Chemolingot,Level 2,,0,0,0,0,Pending Opening
16735,Nyaunyau Dispensary,Dispensary,Community,Rift Valley,Baringo,East Pokot,Mondi,Loyamorok,Paka ,BARINGO EAST,Chemolingot,Level 2,,0,0,0,0,Pending Opening
16734,Ptigchi Dispensary,Dispensary,Community,Rift Valley,Baringo,East Pokot,Kolowa,Ngoron,Mirkisi,BARINGO EAST,Chemolingot,Level 2,,0,0,0,0,Pending Opening
15486,Riongo Dispensary,Dispensary,Ministry of Health,Rift Valley,Baringo,East Pokot,Mondi,Silale,Silale,BARINGO EAST,Chemolingot,Level 2,,0,0,0,0,Operational
16730,Seretion Dispensary,Dispensary,Community,Rift Valley,Baringo,East Pokot,Nginyang ,Kositei ,Seretion ,BARINGO EAST,Chemolingot,Level 2,,0,0,0,0,Pending Opening
15707,Tangulbei Health Centre,Dispensary,Ministry of Health,Rift Valley,Baringo,East Pokot,Tangulbei,Korossi,Korossi,BARINGO EAST,Chemolingot,Level 2,,1,1,12,0,Operational
14473,TDMP Tangulbei Dispensary,Dispensary,Non-Governmental Organizations,Rift Valley,Baringo,East Pokot,Tangulbei,Korossi,Korossi,BARINGO EAST,Chemolingot,Level 2,,0,0,0,0,Operational
13230,St Vincent Catholic Clinic,Medical Clinic,Other Faith Based,Nairobi,Nairobi,Kamukunji,Eastleigh North,Eastleigh North,Eastleigh North,KAMUKUNJI,Garrisa Market,Level 2,,0,0,0,0,Operational
18409,ST. Veronica EDARP,Medical Clinic,Other Faith Based,Nairobi,Nairobi,Kamukunji,Eastleigh South,Eastleigh South,,KAMUKUNJI,Sun city Building  (Kamos Stage ) Eastleigh section III,Level 2,36/111/1001,0,0,0,0,Operational
13260,Woodstreet Nursing Home,Nursing Home,Private Enterprise (Institution),Nairobi,Nairobi,Kamukunji,Eastleigh North,Eastleigh Section I,,KAMUKUNJI,Nairobi,Level 3,,0,0,10,0,Operational
12862,AAR Kariobangi Clinic,Medical Clinic,Private Enterprise (Institution),Nairobi,Nairobi,Kasarani,Kasarani,Kasarani,,KASARANI,Nairobi,Level 2,,0,0,0,0,Operational
12863,AAR Thika Road Clinic,Medical Clinic,Private Enterprise (Institution),Nairobi,Nairobi,Kasarani,Kasarani,Kasarani,,KASARANI,Nairobi,Level 2,,0,0,0,0,Operational
18486,Afya Health Care,Dispensary,Private Enterprise (Institution),Nairobi,Nairobi,Kasarani,Kasarani,Githurai,Githurai,KASARANI,off kamiti rd Githurai 44 behind uncle sam near kimsa supermarket  opp Genesis Flats,Level 2,,0,1,0,0,Operational
12875,Babadogo (EDARP),VCT Centre (Stand-Alone),Kenya Episcopal Conference-Catholic Secretariat,Nairobi,Nairobi,Kasarani,Kasarani,Ruaraka,,KASARANI,Nairobi,Level 2,,0,0,0,0,Operational
12876,Babadogo Health Centre,Dispensary,Local Authority,Nairobi,Nairobi,Kasarani,Kasarani,Ruaraka,,KASARANI,Nairobi,Level 2,,0,0,0,0,Operational
12877,Babadogo Medical Health Centre,Health Centre,Private Enterprise (Institution),Nairobi,Nairobi,Kasarani,Kasarani,Githurai,,KASARANI,Nairobi,Level 3,,0,0,0,0,Operational
18468,Bar Hostess Empowerment Support Program VCT,VCT Centre (Stand-Alone),Non-Governmental Organizations,Nairobi,Nairobi,Kasarani,Kasarani,Ruaraka,Mathare,KASARANI,Alsops,Level 2,,0,1,0,0,Operational
12881,Baraka Dispensary (Nairobi),Dispensary,Private Enterprise (Institution),Nairobi,Nairobi,Kasarani,Kasarani,Ruaraka,,KASARANI,Nairobi,Level 2,,0,0,0,0,Operational
17934,Baraka medical centre,Dispensary,Kenya Episcopal Conference-Catholic Secretariat,Nairobi,Nairobi,Kasarani,Kasarani,Ruaraka,Utalii,KASARANI,4 A MATHARE,Level 2,,0,0,0,0,Operational
18484,Catholic Dispensary Kariobangi,Dispensary,Kenya Episcopal Conference-Catholic Secretariat,Nairobi,Nairobi,Kasarani,Kasarani,kariobangi ,kariobangi,KASARANI,light industries inside kariobangi catholic church,Level 2,,0,1,0,0,Operational
17951,Children Medical Clinic (Kasarani) ,Dispensary,Private Enterprise (Institution),Nairobi,Nairobi,Kasarani,Kasarani,Kasarani,Kasarani,KASARANI,kasarani near DC offiices,Level 2,16,0,0,0,0,Operational
12895,Christian Aid Dispensary,Dispensary,Private Enterprise (Institution),Nairobi,Nairobi,Kasarani,Kasarani,Githurai,,KASARANI,Nairobi,Level 2,,0,0,0,0,Operational
18629,CID HQS Dispensary,Dispensary,State Coorporation,Nairobi,Nairobi,Kasarani,KASARANI,Roysambu,,KASARANI,Muthaiga police station,Level 2,,0,0,0,0,Operational
18745,Comboni missionary sisters Health Programm,Health Programme,Kenya Episcopal Conference-Catholic Secretariat,Nairobi,Nairobi,Kasarani,kasarani,Korogocho,Nyayo,KASARANI,Off outering rd Then korogocho slum near daniel comboni pri school,Level 2,,0,1,0,0,Operational
12902,Compassionate Hospital,Other Hospital,Private Enterprise (Institution),Nairobi,Nairobi,Kasarani,Kasarani,Kasarani,,KASARANI,Nairobi,Level 4,,0,0,0,0,Operational
12906,Corner Stone ,VCT Centre (Stand-Alone),Private Enterprise (Institution),Nairobi,Nairobi,Kasarani,Kasarani,Kasarani,,KASARANI,Nairobi,Level 2,,0,0,0,0,Operational
17949,Destiny medical centre (Ruaraka),Dispensary,Private Practice - Unspecified,Nairobi,Nairobi,Kasarani,Kasarani,Kasarani,Kasarani,KASARANI,Ngumba estate,Level 2,,1,1,0,0,Operational
12931,Eden Dispensary,Dispensary,Private Enterprise (Institution),Nairobi,Nairobi,Kasarani,Kasarani,Kahawa,,KASARANI,Nairobi,Level 2,,0,0,0,0,Operational
12932,Ediana Nursing Home,Nursing Home,Private Enterprise (Institution),Nairobi,Nairobi,Kasarani,Kasarani,Githurai,,KASARANI,Nairobi,Level 3,,0,0,0,0,Operational
12937,Family Care Clinic Kasarani,Dispensary,Private Enterprise (Institution),Nairobi,Nairobi,Kasarani,Kasarani,Githurai,,KASARANI,Nairobi,Level 2,,0,0,0,0,Operational
18472,Flomed med clinic,Medical Clinic,Private Practice - Nurse / Midwife,Nairobi,Nairobi,Kasarani,Kasarani,kasarani,kasarani,KASARANI,Thika Rd ICPE Rd opp kasarani police station,Level 2,,0,1,0,0,Operational
12955,Giovanna Dispensary,Dispensary,Private Enterprise (Institution),Nairobi,Nairobi,Kasarani,Kasarani,Roysambu,,KASARANI,Nairobi,Level 2,,0,0,0,0,Operational
17942,Githurai Liverpool VCT ,VCT Centre (Stand-Alone),Non-Governmental Organizations,Nairobi,Nairobi,Kasarani,Kasarani,Githurai,Githurai,KASARANI,Githurai 45,Level 2,,0,0,0,0,Operational
12956,Githurai Medical Dispensary,Dispensary,Private Enterprise (Institution),Nairobi,Nairobi,Kasarani,Kasarani,Githurai,,KASARANI,Nairobi,Level 2,,0,0,0,0,Operational
12957,Githurai VCT,VCT Centre (Stand-Alone),Private Enterprise (Institution),Nairobi,Nairobi,Kasarani,Kasarani,Githurai,,KASARANI,Nairobi,Level 2,,0,0,0,0,Operational
12959,Good Samaritan Dispensary,Dispensary,Private Enterprise (Institution),Nairobi,Nairobi,Kasarani,Kasarani,Kasarani,,KASARANI,Nairobi,Level 2,,0,0,0,0,Operational
12963,GSU HQ Dispensary (Ruaraka),Dispensary,Other Public Institution,Nairobi,Nairobi,Kasarani,Kasarani,Roysambu,,KASARANI,Nairobi,Level 2,,0,0,0,0,Operational
12975,Huruma Maternity Hospital,Other Hospital,Private Enterprise (Institution),Nairobi,Nairobi,Kasarani,Kasarani,Kasarani,,KASARANI,Nairobi,Level 4,,0,0,0,0,Operational
12986,Jamii Medical Hospital,Other Hospital,Private Enterprise (Institution),Nairobi,Nairobi,Kasarani,Kasarani,Githurai,,KASARANI,Nairobi,Level 3,,0,0,0,0,Operational
12987,Jerapha  Maternity ,Maternity Home,Private Enterprise (Institution),Nairobi,Nairobi,Kasarani,Kasarani,Korogocho,,KASARANI,Nairobi,Level 3,,0,0,0,0,Operational
18672,JeyTee ,Medical Clinic,Private Enterprise (Institution),Nairobi,Nairobi,Kasarani,KASARANI,Kasarani,kasarani,KASARANI,Near sunton,Level 2,,0,0,0,0,Operational
12996,Kahawa Garrison Health Centre,Health Centre,Ministry of Health,Nairobi,Nairobi,Kasarani,Kasarani,Kasarani,,KASARANI,Nairobi,Level 3,,0,0,,,Operational
12997,Kahawa West Health Centre,Health Centre,Local Authority,Nairobi,Nairobi,Kasarani,Kasarani,kahawa,kongo soweto,KASARANI,kahawa market (city council market),Level 3,,0,0,24,4,Operational
13000,Kamiti Prison Hospital,Other Hospital,Ministry of Health,Nairobi,Nairobi,Kasarani,Kasarani,Ruaraka,,KASARANI,Nairobi,Level 4,,0,0,,,Operational
18743,Kariobangi Edarp,Dispensary,Kenya Episcopal Conference-Catholic Secretariat,Nairobi,Nairobi,Kasarani,kasarani,Kariobangi,Kariobangi,KASARANI,Lite industries behind faulu,Level 2,,0,1,0,0,Operational
13006,Kariobangi Health Centre,Dispensary,Local Authority,Nairobi,Nairobi,Kasarani,Kasarani,Kariobangi,,KASARANI,Nairobi,Level 2,,0,0,0,0,Operational
13008,Karma Dispensary,Dispensary,Private Enterprise (Institution),Nairobi,Nairobi,Kasarani,Kasarani,Ruaraka,,KASARANI,Nairobi,Level 2,,0,0,0,0,Operational
17995,Karomo Medical Clinic,Medical Clinic,Private Enterprise (Institution),Nairobi,Nairobi,Kasarani,Kariobangi,Kariobangi South,Light Industries,EMBAKASI,Kariobangi South,Level 2,LR 116,0,0,0,0,Operational
17948,Kasarani claycity Medical Centre (Kasarani) ,Dispensary,Private Practice - Unspecified,Nairobi,Nairobi,Kasarani,Kasarani,Kasarani,Kasarani,KASARANI,Kasarani,Level 2,,1,1,0,0,Operational
13010,Kasarani Health Centre,Dispensary,Local Authority,Nairobi,Nairobi,Kasarani,Kasarani,Kariobangi,Kasarani,KASARANI,Nairobi,Level 2,,0,0,0,0,Operational
13011,Kasarani Maternity,Maternity Home,Private Practice - Nurse / Midwife,Nairobi,Nairobi,Kasarani,Kasarani,Kasarani,,KASARANI,Hunters,Level 3,,1,1,60,12,Operational
13012,Kasarani Medical Health Centre,Health Centre,Private Enterprise (Institution),Nairobi,Nairobi,Kasarani,Kasarani,Githurai,,KASARANI,Nairobi,Level 3,,0,0,0,0,Operational
13022,Kenya Utalii Dispensary,Dispensary,Private Enterprise (Institution),Nairobi,Nairobi,Kasarani,Kasarani,Kasarani,,KASARANI,Nairobi,Level 2,,0,0,0,0,Operational
13024,Kenyatta University Dispensary,Dispensary,Other Public Institution,Nairobi,Nairobi,Kasarani,Kasarani,Githurai,,KASARANI,Nairobi,Level 2,,0,0,0,0,Operational
13045,Lea Toto,VCT Centre (Stand-Alone),Non-Governmental Organizations,Nairobi,Nairobi,Kasarani,Kasarani,Kariobangi,,KASARANI,Nairobi,Level 2,,0,0,0,0,Operational
17947,Loreigns Medical Services (Kasarani) ,Medical Clinic,Private Practice - Unspecified,Nairobi,Nairobi,Kasarani,Kasarani,Kasarani,Kasarani,KASARANI,Ngumba estate,Level 2,,1,1,0,0,Operational
13070,Marura Nursing Home,Nursing Home,Private Enterprise (Institution),Nairobi,Nairobi,Kasarani,Kasarani,Ruaraka,utalii,KASARANI,mathare  area 4,Level 3,,1,1,32,5,Operational
13071,Marurui Dispensary,Dispensary,Private Enterprise (Institution),Nairobi,Nairobi,Kasarani,Kasarani,Githurai,,KASARANI,Nairobi,Level 2,,0,0,0,0,Operational
13077,Mathare North Health Centre,Health Centre,Local Authority,Nairobi,Nairobi,Kasarani,Kasarani,Ruaraka,Mathare North sub location,KASARANI,Nairobi,Level 3,,0,0,24,4,Operational
13082,Medical Reception Dispensary,Dispensary,Private Enterprise (Institution),Nairobi,Nairobi,Kasarani,Kasarani,Roysambu,,KASARANI,Nairobi,Level 2,,0,0,0,0,Operational
13085,Med-Point Dispensary,Dispensary,Private Enterprise (Institution),Nairobi,Nairobi,Kasarani,Kasarani,Kahawa,,KASARANI,Nairobi,Level 2,,0,0,0,0,Operational
13130,National Youth Service  HQ dispensary (Ruaraka),Dispensary,State Coorporation,Nairobi,Nairobi,Kasarani,Kasarani,Ruaraka,Utalii,KASARANI,N.Y.S HQ Institute,Level 2,,0,0,0,0,Operational
13125,Nimoli Medical Centre,Dispensary,Private Enterprise (Institution),Nairobi,Nairobi,Kasarani,Kasarani,Ruaraka,,KASARANI,Nairobi,Level 2,,1,1,4,1,Operational
13127,NSIS Health Centre (Ruaraka),Health Centre,Ministry of Health,Nairobi,Nairobi,Kasarani,Kasarani,Ruaraka,,KASARANI,Nairobi,Level 3,,0,0,,,Operational
13128,Nuffield Nursing Home,Nursing Home,Private Enterprise (Institution),Nairobi,Nairobi,Kasarani,Kasarani,Githurai,,KASARANI,Nairobi,Level 3,,0,0,0,0,Operational
13133,Ogwedhi Dispensary (Nairobi North),Dispensary,Private Enterprise (Institution),Nairobi,Nairobi,Kasarani,Kasarani,Ruaraka,,KASARANI,Nairobi,Level 2,,0,0,0,0,Operational
13141,Piemu Medical Health Centre,Medical Clinic,Private Practice - Unspecified,Nairobi,Nairobi,Kasarani,Kasarani,Ruaraka,,KASARANI,Nairobi,Level 3,,0,0,0,0,Operational
13145,Pona Mat Dispensary,Dispensary,Private Enterprise (Institution),Nairobi,Nairobi,Kasarani,Kasarani,Kahawa,,KASARANI,Nairobi,Level 2,,0,0,0,0,Operational
18744,Premium Health Services,Dispensary,Private Practice - Medical Specialist,Nairobi,Nairobi,Kasarani,kasarani,Kariobangi,Kariobangi,KASARANI,Off outering rd next to Equity bank kariobangi,Level 2,,0,1,0,0,Operational
18556,Prescort Dispensary,Dispensary,Ministry of Health,Nairobi,Nairobi,Kasarani,kasarani,Kasarani,Kasarani,KASARANI,Kasarani,Level 2,,0,1,0,0,Operational
13147,Prime Healthservices Dispensary,Dispensary,Private Enterprise (Institution),Nairobi,Nairobi,Kasarani,Kasarani,Kahawa,Kahawa,KASARANI,kahawa west estate- cemtek building,Level 2,36/37,1,1,0,0,Operational
13149,Provide Inter Math Dispensary,Dispensary,Private Enterprise (Institution),Nairobi,Nairobi,Kasarani,Kasarani,Roysambu,,KASARANI,Nairobi,Level 2,,0,0,0,0,Operational
17971,Provide international health care (mathare),Health Centre,Non-Governmental Organizations,Nairobi,Nairobi,Kasarani,Kasarani,Ruaraka,Mathare,KASARANI,Mathare area 3,Level 3,,1,1,12,0,Operational
13150,Provide International Korogocho,Other Hospital,Other Faith Based,Nairobi,Nairobi,Kasarani,Kasarani,Kasarani,,KASARANI,Nairobi,Level 3,,0,0,0,0,Operational
13153,PSTC Health Centre,Health Centre,Ministry of Health,Nairobi,Nairobi,Kasarani,Kasarani,Ruaraka,,KASARANI,Nairobi,Level 3,,0,0,,,Operational
13160,Redemeed Health Centre,Health Centre,Ministry of Health,Nairobi,Nairobi,Kasarani,Kasarani,Kahawa,,KASARANI,Nairobi,Level 3,,0,0,,,Operational
13166,Ronil Medical Clinic (Githurai),Dispensary,Private Enterprise (Institution),Nairobi,Nairobi,Kasarani,Kasarani,Githurai,Githurai,KASARANI,Gihurai 45 ,Level 2,3543,0,0,0,0,Operational
17938,Round About Medical Center,Health Centre,Private Enterprise (Institution),Nairobi,Nairobi,Kasarani,Kasarani,Githurai,Githurai,KASARANI,GithuraiI 45,Level 3,,1,1,4,2,Operational
13167,Round About Medical Dispensary,Dispensary,Private Enterprise (Institution),Nairobi,Nairobi,Kasarani,Kasarani,Ruaraka,,KASARANI,Nairobi,Level 2,,0,0,0,0,Operational
13172,Ruaraka Clinic,Dispensary,Ministry of Health,Nairobi,Nairobi,Kasarani,Kasarani,Kasarani,,KASARANI,Nairobi,Level 2,,0,0,,,Operational
18485,Ruaraka Uhai Neema Hospital,Other Hospital,Kenya Episcopal Conference-Catholic Secretariat,Nairobi,Nairobi,Kasarani,Kasarani,Ruaraka,Babadogo,KASARANI,Ngumba estate oop safari park Hotel,Level 3,,1,1,0,0,Operational
18471,Shekina Medical Clinic,Medical Clinic,Private Practice - Clinical Officer,Nairobi,Nairobi,Kasarani,Kasarani,kasarani,kasarani,KASARANI,opp. Equity bank kasarani,Level 2,,0,1,0,0,Operational
13196,St Annes Medical Health Centre,Health Centre,Private Enterprise (Institution),Nairobi,Nairobi,Kasarani,Kasarani,Kahawa,,KASARANI,Nairobi,Level 3,,0,0,0,0,Operational
13202,St Francis Com Hospital,Other Hospital,Private Enterprise (Institution),Nairobi,Nairobi,Kasarani,Kasarani,Githurai,,KASARANI,Nairobi,Level 3,,0,0,0,0,Operational
17943,St Francis Community Hospital (Kasarani),Other Hospital,Kenya Episcopal Conference-Catholic Secretariat,Nairobi,Nairobi,Kasarani,Kasarani,Kasarani,Kasarani,KASARANI,Hunters,Level 4,,1,1,100,4,Unknown
13203,St Francis Health Centre (Nairobi North),Health Centre,Other Faith Based,Nairobi,Nairobi,Kasarani,Kasarani,Githurai,,KASARANI,Nairobi,Level 3,,0,0,0,0,Operational
13205,St John Hospital,Other Hospital,Private Enterprise (Institution),Nairobi,Nairobi,Kasarani,Kasarani,Ruaraka,,KASARANI,Nairobi,Level 3,,0,0,0,0,Operational
17936,St John Hospital Limited,Other Hospital,Private Practice - Unspecified,Nairobi,Nairobi,Kasarani,Kasarani,Githurai,Githurai,KASARANI,GithuraiI 45,Level 4,119557,1,1,42,6,Operational
13208,St Joseph Mukasa Dispensary,Dispensary,Other Faith Based,Nairobi,Nairobi,Kasarani,Kasarani,Kahawa,Kahawa west,KASARANI,Next to kamiti  maximum prison,Level 2,,0,0,0,0,Operational
13217,St Mary's Health Centre,Health Centre,Private Enterprise (Institution),Nairobi,Nairobi,Kasarani,Kasarani,Korogocho,,KASARANI,Nairobi,Level 3,,0,0,0,0,Operational
17940,St Mary's Health Services,Health Centre,Private Practice - Unspecified,Nairobi,Nairobi,Kasarani,KASARANI,GITHURAI,GITHURAI,KASARANI,GITHURAI 45,Level 3,,1,1,8,0,Operational
13223,St Peter Dispensary,Dispensary,Private Enterprise (Institution),Nairobi,Nairobi,Kasarani,Kasarani,Kasarani,,KASARANI,Nairobi,Level 2,,0,0,0,0,Operational
13224,St Philips Health Centre,Health Centre,Private Enterprise (Institution),Nairobi,Nairobi,Kasarani,Kasarani,Kariobangi,,KASARANI,Nairobi,Level 3,,0,0,0,0,Operational
18438,Sunton cfw clinic,Medical Clinic,Private Practice - Nurse / Midwife,Nairobi,Nairobi,Kasarani,kasarani,kasarani,kasarani,KASARANI,sunton ,Level 2,,0,1,0,0,Operational
17950,Thika Road Health Services Ltd (Kasarani) ,Dispensary,Private Enterprise (Institution),Nairobi,Nairobi,Kasarani,Kasarani,Kasarani,Kasarani,KASARANI,Kasarani next to barclays bank ,Level 2,,0,1,0,0,Operational
13246,Uzima Dispensary,Dispensary,Private Enterprise (Institution),Nairobi,Nairobi,Kasarani,Kasarani,Kariobangi,,KASARANI,Nairobi,Level 2,,0,0,0,0,Operational
13248,Vision Peoples Inter Health Centre,Health Centre,Other Faith Based,Nairobi,Nairobi,Kasarani,Kasarani,Ruaraka,,KASARANI,Nairobi,Level 2,,0,0,0,0,Operational
13253,Warazo Clinic,Medical Clinic,Private Enterprise (Institution),Nairobi,Nairobi,Kasarani,Kasarani,Githurai,,KASARANI,Nairobi,Level 2,,0,0,0,0,Operational
13261,Zimmerman Medical Dispensary,Dispensary,Private Enterprise (Institution),Nairobi,Nairobi,Kasarani,Kasarani,Githurai,,KASARANI,Nairobi,Level 2,,0,0,0,0,Operational
14211,Arama dispensary,Dispensary,Ministry of Health,Rift Valley,Baringo,Koibatek,Eldama Ravine,Lembus Central,Poror Arama,ELDAMA RAVINE,Eldama Ravine,Level 2,,0,0,0,0,Operational
14964,Eldama Ravine  (AIC) Health Centre,Health Centre,Christian Health Association of Kenya,Rift Valley,Baringo,Koibatek,Eldama Ravine,Eldama Ravine,Eldama Ravine,ELDAMA RAVINE,Eldama Ravine,Level 3,,1,1,12,1,Operational
14432,Eldama Ravine  District Hospital,District Hospital,Ministry of Health,Rift Valley,Baringo,Koibatek,Eldama Ravine,Eldama Ravine,Eldama Ravine,ELDAMA RAVINE,Eldama Ravine,Level 4,,1,1,72,2,Operational
14474,Equator Dispensary,Dispensary,Ministry of Health,Rift Valley,Baringo,Koibatek,Mumberes,Mumberes,Equator,ELDAMA RAVINE,Eldama Ravine,Level 2,,0,0,0,0,Operational
14477,Esageri Health Centre,Health Centre,Ministry of Health,Rift Valley,Baringo,Koibatek,Esageri,Lembus Kiptoim,Kiptoim,ELDAMA RAVINE,Eldama Ravine,Level 3,,1,1,10,0,Operational
14557,Igure Dispensary,Dispensary,Ministry of Health,Rift Valley,Baringo,Koibatek,Eldama Ravine,Maji Mazuri,Makutano,ELDAMA RAVINE,Makutano,Level 2,,0,0,0,0,Operational
14619,Kabimoi Dispensary,Dispensary,Ministry of Health,Rift Valley,Baringo,Koibatek,Esageri,Lembus Kabimoi,Kabimoi,ELDAMA RAVINE,Eldama Ravine,Level 2,,0,0,0,0,Operational
17087,Kabiyet Dispensary,Dispensary,Ministry of Health,Rift Valley,Baringo,Koibatek,Eldama Ravine,Kabiyet,Kabiyet,ELDAMA RAVINE,Kabiyet Center,Level 2,,0,0,0,0,Operational
17088,Kibias Dispensary,Dispensary,Ministry of Health,Rift Valley,Baringo,Koibatek,Eldama Ravine,Saos,,ELDAMA RAVINE,Eldama Ravine Town,Level 2,,0,0,0,0,Operational
17154,Kiplombe Dispensary (Koibatek),Dispensary,Ministry of Health,Rift Valley,Baringo,Koibatek,Esageri,Kiplombe,Kiplombe,ELDAMA RAVINE,Esageri Center,Level 2,,2,2,0,0,Operational
14933,Kiptuno Dispensary,Dispensary,Ministry of Health,Rift Valley,Baringo,Koibatek,Eldama Ravine,Kiptuno,Tulwob Lembus,ELDAMA RAVINE,Eldama Ravine,Level 2,,0,0,8,0,Operational
15016,Lebolos Dispensary,Dispensary,Ministry of Health,Rift Valley,Baringo,Koibatek,Esageri,Sabatia,Lebolos,ELDAMA RAVINE,Eldama Ravine,Level 2,,0,0,0,0,Operational
15111,Maji Mazuri Dispensary,Dispensary,Ministry of Health,Rift Valley,Baringo,Koibatek,Eldama Ravine,Maji Mazuri,Maji Mazuri,ELDAMA RAVINE,Eldama Ravine,Level 2,,0,0,0,0,Operational
15174,Mercy Hospital,Other Hospital,Other Faith Based,Rift Valley,Baringo,Koibatek,Eldama Ravine,Perkera,Perkera,ELDAMA RAVINE,Eldama Ravine,Level 4,,0,0,64,0,Operational
17084,Nakurtakwei Dispensary,Dispensary,Ministry of Health,Rift Valley,Baringo,Koibatek,Esageri,Kiplombe,,ELDAMA RAVINE,Muserechi,Level 2,,0,0,0,0,Not-Operational
18592,Ravine Glory Health Care Services,Medical Clinic,Private Practice - Clinical Officer,Rift Valley,Baringo,Koibatek,Eldama Ravine,Eldama Ravine,Ravine Town,ELDAMA RAVINE,Along Market Road,Level 2,498/32,0,1,0,0,Operational
15481,Ravine Roses Dispensary,Dispensary,Private Enterprise (Institution),Rift Valley,Baringo,Koibatek,Eldama Ravine,Perkera,Toniok,ELDAMA RAVINE,Eldama Ravine,Level 2,,0,0,0,0,Operational
15505,Sabatia Dispensary,Dispensary,Ministry of Health,Rift Valley,Baringo,Koibatek,Esageri,Sabatia,Kirobon,ELDAMA RAVINE,Eldama Ravine,Level 2,,0,0,0,0,Operational
15512,Sagat Dispensary,Dispensary,Ministry of Health,Rift Valley,Baringo,Koibatek,Esageri,Lembus Kabimoi,Sagat,ELDAMA RAVINE,Eldama Ravine,Level 2,,0,0,0,0,Operational
17086,Seguton Dispensary,Dispensary,Ministry of Health,Rift Valley,Baringo,Koibatek,Mumberes,Lembus Mosop,,ELDAMA RAVINE,Timboroa centre,Level 2,,0,0,0,0,Operational
15566,Sigoro Dispensary,Dispensary,Ministry of Health,Rift Valley,Baringo,Koibatek,Eldama Ravine,Chemorgong,Sigoro,ELDAMA RAVINE,Eldama Ravine,Level 2,,0,0,2,0,Operational
17151,Simotwet Dispensary ( Koibatek),Dispensary,Ministry of Health,Rift Valley,Baringo,Koibatek,Eldama Ravine,Perkerra,Simotwet,ELDAMA RAVINE,Eldama Ravine Town,Level 2,,0,0,0,0,Operational
15606,Solian Dispensary,Dispensary,Ministry of Health,Rift Valley,Baringo,Koibatek,Esageri,Sabatia,Solian,ELDAMA RAVINE,Eldama Ravine,Level 2,,0,0,10,0,Operational
15725,Timboroa Health Centre,Health Centre,Ministry of Health,Rift Valley,Baringo,Koibatek,Mumberes,Lembus Mosop,Timboroa,ELDAMA RAVINE,Timboroa Trading Center,Level 3,,0,0,5,0,Operational
15727,Tinet Dispensary (Koibatek),Dispensary,Ministry of Health,Rift Valley,Baringo,Koibatek,Mumberes,Lembus Mosop,Tinet,ELDAMA RAVINE,Eldama Ravine,Level 2,,0,0,0,0,Operational
15733,Toniok Dispensary,Dispensary,Ministry of Health,Rift Valley,Baringo,Koibatek,Eldama Ravine,Perkerra,Toniok,ELDAMA RAVINE,Eldama Ravine,Level 2,,0,0,0,0,Operational
15735,Torongo  Health Centre,Health Centre,Ministry of Health,Rift Valley,Baringo,Koibatek,Torongo,Lembus Mosop,Torongo,ELDAMA RAVINE,Eldama Ravine,Level 3,,0,0,9,0,Operational
15742,Tugumoi Dispensary,Dispensary,Ministry of Health,Rift Valley,Baringo,Koibatek,Torongo,Tugumoi,Tugumoi,ELDAMA RAVINE,Eldama Ravine,Level 2,,0,0,0,0,Operational
13043,7KR MRS Health Centre,Health Centre,Armed Forces,Nairobi,Nairobi,Langata,Lang'ata,Mugumoini,Mugumoini,LANG'ATA,Lang'ata Shopping Center,Level 3,,1,1,14,0,Operational
12886,Bomas of Kenya Dispensary,Dispensary,Parastatal,Nairobi,Nairobi,Langata,Lang'ata,Lang'ata,Bomas,LANG'ATA,Bomas,Level 2,,0,0,0,0,Operational
12891,Carolina For Kibera VCT,Medical Clinic,Non-Governmental Organizations,Nairobi,Nairobi,Langata,Lang'ata,Sarang'ombe,Olympic,LANG'ATA,Olympic Estate,Level 2,,0,1,0,0,Operational
12892,Catholic University Dispensary,Dispensary,Kenya Episcopal Conference-Catholic Secretariat,Nairobi,Nairobi,Langata,Langata,Langata,,LANG'ATA,Bomas (Galleria mall),Level 2,,0,0,0,0,Operational
17388,Clinix Health Care,Medical Clinic,Private Practice - Unspecified,Nairobi,Nairobi,Langata,Lang'ata,Nairobi West,Nairobi West,LANG'ATA,Nairobi West shopping center,Level 2,37/238-3,1,1,0,0,Operational
18754,Clinix Health Care (Kibera),Medical Clinic,Private Enterprise (Institution),Nairobi,Nairobi,Langata,Lang'ata,Sarang'ombe,Kianda,LANG'ATA,,Level 2,Kibera Drive 258,0,0,0,0,Operational
12907,Cotolengo Center ,Dispensary,Kenya Episcopal Conference-Catholic Secretariat,Nairobi,Nairobi,Langata,Lang'ata,Karen,Karen,LANG'ATA,Karen shopping center,Level 2,2259/40/5543/MN,0,0,0,0,Operational
17663,Discordant Couples of Kenya VCT,VCT Centre (Stand-Alone),Non-Governmental Organizations,Nairobi,Nairobi,Langata,Lang'ata,Sarang'ombe,Kianda/Ayany,LANG'ATA,Toi Market,Level 2,,0,0,0,0,Operational
12919,Dog Unit Dispensary (O.P. Kenya Police),Dispensary,Other Public Institution,Nairobi,Nairobi,Langata,Lang'ata,Mugumoini,Mugumoini,LANG'ATA,Otiende shopping center,Level 2,,0,0,0,0,Operational
12929,Dreams Center Dispensary (Langata),Dispensary,Kenya Episcopal Conference-Catholic Secretariat,Nairobi,Nairobi,Langata,Lang'ata,Lang'ata,Lang'ata,LANG'ATA,Bomas of Kenya,Level 2,1075,0,0,0,0,Operational
13099,DSC Karen Dispensary (Armed Forces),Dispensary,Armed Forces,Nairobi,Nairobi,Langata,Lang'ata,Karen,Karen,LANG'ATA,Karen Shopping Center,Level 2,,1,1,0,0,Operational
18739,Eagle Wings Medical Centre,Medical Clinic,Private Practice - Medical Specialist,Nairobi,Nairobi,Langata,Lang'ata,Mugumoini,Mugumoini,LANG'ATA,Maasai Estate,Level 2,72/687,0,1,0,0,Operational
12942,Family Care Medical Centre & Maternity,Maternity Home,Non-Governmental Organizations,Nairobi,Nairobi,Langata,Lang'ata,Nairobi West,Nairobi West,LANG'ATA,Nairobi west shopping center,Level 3,,1,1,20,0,Operational
18755,Family Dental Care (Ayany),Medical Clinic,Private Practice - Medical Specialist,Nairobi,Nairobi,Langata,Lang'ata,Sarang'ombe,Kianda,LANG'ATA,,Level 2,Kibera Drive 258,0,1,0,0,Operational
12944,Frepals Community Nursing Home,Maternity Home,Non-Governmental Organizations,Nairobi,Nairobi,Langata,Lang'ata,Laini Saba,Mashimoni,LANG'ATA,Mashimoni,Level 3,46,1,1,21,0,Operational
12945,Future Age Medical Services,Medical Clinic,Private Enterprise (Institution),Nairobi,Nairobi,Langata,Lang'ata,Karen,Karen,LANG'ATA,Karen Shopping Center,Level 2,8945/7 Flat No.1,0,1,0,0,Operational
12948,Gatwikera (MSF Belgium) Medical Clinic,Medical Clinic,Non-Governmental Organizations,Nairobi,Nairobi,Langata,Lang'ata,Sarang'ombe,Gatwekera,LANG'ATA,Gatwekera PAG Church,Level 2,,0,0,0,0,Operational
12953,Getrudes Hospital (Nairobi West Clinic),Medical Clinic,Private Enterprise (Institution),Nairobi,Nairobi,Langata,Lang'ata,Nairobi West,Nairobi West,LANG'ATA,Nairobi West shopping center,Level 2,209/262,0,1,0,0,Operational
12961,GSU Dispensary (Nairobi West),Dispensary,Ministry of Health,Nairobi,Nairobi,Langata,Langata,Makina,,LANG'ATA,Nairobi,Level 2,,0,0,0,0,Operational
18278,Healthways Medical center,Medical Clinic,Private Enterprise (Institution),Nairobi,Nairobi,Langata,Lang'ata,Nairobi West,South C,LANG'ATA,South C,Level 2,209/5144,0,1,0,0,Operational
17393,Huduma Health Center,Maternity Home,Private Practice - Clinical Officer,Nairobi,Nairobi,Langata,Lang'ata,Sarang'ombe,Sarang'ombe,LANG'ATA,Olympic Shopping Center,Level 3,61/643,1,1,2,0,Operational
12990,Jinnah Ave Clinic,Dispensary,Local Authority,Nairobi,Nairobi,Langata,Lang'ata,Nairobi West,South C,LANG'ATA,South C shopping center,Level 2,,0,0,0,0,Operational
17650,Johanna Justin-Jinich Community Clinic (Kibera),Medical Clinic,Non-Governmental Organizations,Nairobi,Nairobi,Langata,Lang'ata,Sarang'ombe,Gatwekera,LANG'ATA,Olympic Estate,Level 2,,0,1,0,0,Operational
13003,Karen Health Centre,Dispensary,Local Authority,Nairobi,Nairobi,Langata,Lang'ata,Karen,Karen,LANG'ATA,Karen Shopping center,Level 2,,0,0,0,0,Operational
12894,Kibera Chemi Chemi ya uzima clinic,Dispensary,Christian Health Association of Kenya,Nairobi,Nairobi,Langata,Lang'ata,Kibera,Makina,LANG'ATA,Nairobi,Level 2,105,0,1,0,0,Operational
13028,Kibera Community Health Centre - AMREF,Health Centre,Non-Governmental Organizations,Nairobi,Nairobi,Langata,Lang'ata,Laini Saba,Laini Saba,LANG'ATA,Ngumo Estate,Level 3,,0,1,4,0,Operational
13029,Kibera D.O. Dispensary,Dispensary,Ministry of Health,Nairobi,Nairobi,Langata,Lang'ata,Kibera,Makina,LANG'ATA,Nairobi,Level 2,,0,0,0,0,Operational
13026,Kibera Human Development Clinic,Medical Clinic,Non-Governmental Organizations,Nairobi,Nairobi,Langata,Langata,Kibera,Makina,LANG'ATA,Toi Market,Level 2,441 Off Kibera Drive,0,0,0,0,Operational
13030,Kibera South (MSF Belgium) Dispensary,Dispensary,Non-Governmental Organizations,Nairobi,Nairobi,Langata,Lang'ata,Kibera,Lindi,LANG'ATA,Lindi,Level 2,240,0,0,0,0,Operational
13033,Kikoshep Kenya (Mugumoini),Medical Clinic,Non-Governmental Organizations,Nairobi,Nairobi,Langata,Langata,Mugumoini,Mugumoini,LANG'ATA,Nairobi,Level 2,,0,0,0,0,Operational
13035,Kisembo Dispensary,Dispensary,Private Enterprise (Institution),Nairobi,Nairobi,Langata,Langata,Makina,Lindi,LANG'ATA,Nairobi,Level 2,,0,0,0,0,Operational
13041,Langata Health Centre,Health Centre,Local Authority,Nairobi,Nairobi,Langata,Lang'ata,Mugumoini,Mugumoini,LANG'ATA,Otiende Shopping Center,Level 3,,0,0,20,0,Operational
13042,Langata Hospital,Other Hospital,Private Enterprise (Institution),Nairobi,Nairobi,Langata,Lang'ata,Mugumoini,Mugumoini,LANG'ATA,Masai Estate,Level 4,72/698/699,1,1,15,0,Operational
13044,Langata Women Prison dispensary,Dispensary,Ministry of Health,Nairobi,Nairobi,Langata,Lan'gata,Mugumoini,Mugumoini,LANG'ATA,Otiende shopping center,Level 2,,0,1,0,0,Operational
13048,Lea Toto Kibera ,Medical Clinic,Non-Governmental Organizations,Nairobi,Nairobi,Langata,Langata,Sarang'Ombe,,LANG'ATA,Nairobi,Level 2,,0,0,0,0,Operational
13054,Madaraka VCT,VCT Centre (Stand-Alone),Other Faith Based,Nairobi,Nairobi,Langata,Lang'ata,Nairobi West,Nairobi west,LANG'ATA,Madaraka estate,Level 2,209/9063,0,0,0,0,Operational
13058,Makina Clinic,Dispensary,Community,Nairobi,Nairobi,Langata,Lang'ata,Kibera,Makina,LANG'ATA,Nairobi,Level 2,184,1,1,0,0,Operational
13061,Maria Dominica Dispensary,Dispensary,Kenya Episcopal Conference-Catholic Secretariat,Nairobi,Nairobi,Langata,Lang'ata,Karen,Karen,LANG'ATA,Hardy shopping center,Level 2,1160/19,0,0,0,0,Operational
16167,Marie Stopes Clinic (Langata),Medical Clinic,Non-Governmental Organizations,Nairobi,Nairobi,Langata,Langata,Makina,,LANG'ATA,Nairobi,Level 2,,0,0,0,0,Operational
13088,Mercillin Afya Centre,Maternity Home,Community,Nairobi,Nairobi,Langata,Lang'ata,Kibera,Lindi,LANG'ATA,Kisumu Ndogo,Level 3,744 Kisumu Ndogo,1,1,5,0,Operational
13109,Meridian Equator Hospital,Other Hospital,Private Enterprise (Institution),Nairobi,Nairobi,Langata,Lang'ata,Nairobi West,Nairobi West,LANG'ATA,Nairobi west shopping center,Level 4,37/243/7 & 8,1,1,54,0,Operational
17651,MSF Olympic Center,Medical Clinic,Non-Governmental Organizations,Nairobi,Nairobi,Langata,Lang'ata,Sarang'ombe,,LANG'ATA,Olympic Shopping Center,Level 2,,0,1,0,0,Operational
17455,Mtaani VCT,VCT Centre (Stand-Alone),Community,Nairobi,Nairobi,Langata,Lang'ata,Laini saba,Soweto Highrise,LANG'ATA,Laini saba market,Level 2,,0,1,0,0,Operational
13018,Multi Media UNiversity Dispensary,Dispensary,Parastatal,Nairobi,Nairobi,Langata,Lang'ata,Lang'ata,Lang'ata,LANG'ATA,Bangladesh Village Park place,Level 2,,0,0,0,0,Operational
17387,Mwangaza Ulio Na Tumaini Clinic,Dispensary,Christian Health Association of Kenya,Nairobi,Nairobi,Langata,Lang'ata,Kibera,Makina,LANG'ATA,Kisumu Ndogo,Level 2,,0,1,0,0,Operational
13112,Nairobi South Medical Center,Nursing Home,Private Enterprise (Institution),Nairobi,Nairobi,Langata,Lang'ata,Nairobi West,South C,LANG'ATA,South C shopping center,Level 3,209/5131,1,1,23,0,Operational
13114,Nairobi West Chidren clinic,Medical Clinic,Private Enterprise (Institution),Nairobi,Nairobi,Langata,Lang'ata,Nairobi West,Nairobi west,LANG'ATA,Nairobi West shopping center,Level 2,209/9071/121,0,1,0,0,Operational
13115,Nairobi West Hospital,Other Hospital,Private Enterprise (Institution),Nairobi,Nairobi,Langata,Lang'ata,Nairobi West,Nairobi West,LANG'ATA,Nairobi West shopping center,Level 4,37/242/2,1,1,110,0,Operational
13116,Nairobi West Men's Prison Dispensary,Dispensary,Ministry of Health,Nairobi,Nairobi,Langata,Lang'ata,Mugumoini,Mugumoini,LANG'ATA,Wilson Airport,Level 2,,0,0,0,0,Operational
13131,Nyumbani Diagnostic Laboratory and Medical clinic ,Medical Clinic,Non-Governmental Organizations,Nairobi,Nairobi,Langata,Lang'ata,Karen,Karen,LANG'ATA,Karen Shopping center,Level 2,141 Dagoretti rd.,1,1,2,0,Operational
18763,PCEA Kuwinda Health Clinic,Dispensary,Christian Health Association of Kenya,Nairobi,Nairobi,Langata,Lang'ata,Langata,Kuwinda,LANG'ATA,Karen,Level 2,LR. 13460/8,0,0,0,0,Operational
18494,PCEA Silanga Church VCT,VCT Centre (Stand-Alone),Christian Health Association of Kenya,Nairobi,Nairobi,Langata,Lang'ata,Laini Saba,Silanga,LANG'ATA,Undugu Grounds,Level 2,NBI/BLOCK106/285,0,0,0,0,Pending Opening
13146,Port Health Dispensary (Langata),Dispensary,Ministry of Health,Nairobi,Nairobi,Langata,Lang'ata,Mugumoini,Mugumoini,LANG'ATA,Nairobi West,Level 2,,0,1,0,0,Operational
16168,Revival Home Based Care Clinic,Health Centre,Other Faith Based,Nairobi,Nairobi,Langata,Lang'ata,Sarang'ombe,Soweto East,LANG'ATA,Otiende Shopping center,Level 3,,1,1,4,0,Operational
13178,Saola Maternity and Nursing home,Maternity Home,Private Enterprise (Institution),Nairobi,Nairobi,Langata,Lang'ata,Laini Saba,Laini saba,LANG'ATA,Ngumo and Golf course estates,Level 3,30/02,1,1,8,4,Operational
13179,Senye Medical clinic,Maternity Home,Private Enterprise (Institution),Nairobi,Nairobi,Langata,Lang'ata,Sarang'Ombe,Gatwekera,LANG'ATA,soweto West,Level 3,,1,1,20,0,Operational
18176,Sex Workers Outreach Program (Lang'ata) ,Medical Clinic,Non-Governmental Organizations,Nairobi,Nairobi,Langata,Lang'ata,Mugumoini,Southlands Estate,LANG'ATA,Lang'ata shopping Mall,Level 2,,0,0,0,0,Operational
13181,SGRR Medical clinic,Medical Clinic,Other Faith Based,Nairobi,Nairobi,Langata,Lang'ata,Nairobi West,South C,LANG'ATA,South C shopping center,Level 2,,0,0,0,0,Operational
17389,Shree Cutchhi Leva Samaj Medical Clinic,Medical Clinic,Non-Governmental Organizations,Nairobi,Nairobi,Langata,Lang'ata,Nairobi West,Nairobi West,LANG'ATA,Nairobi West Shopping Center,Level 2,209/11654,0,1,0,0,Operational
13186,Silanga (MSF Belgium) Dispensary,Dispensary,Non-Governmental Organizations,Nairobi,Nairobi,Langata,Lang'ata,Laini Saba,Silanga,LANG'ATA,Silanga village,Level 2,185,0,0,0,0,Operational
17390,Southern Health Care,Medical Clinic,Private Practice - General Practitioner,Nairobi,Nairobi,Langata,Lang'ata,Nairobi West,South C,LANG'ATA,South C shopping center,Level 2,209/5870,0,1,0,0,Operational
17391,St Mac's Hospital,Health Centre,Community,Nairobi,Nairobi,Langata,Lang'ata,Laini Saba,Laini Saba,LANG'ATA,Laini Saba Market,Level 3,,1,1,3,0,Operational
13218,St Mary's Mission Hospital,Other Hospital,Kenya Episcopal Conference-Catholic Secretariat,Nairobi,Nairobi,Langata,Lang'ata,Mugumoini,Mugumoini,LANG'ATA,Otiende estate,Level 4,,0,0,280,0,Operational
13216,St. Mary's Medical Clinic,Maternity Home,Private Enterprise (Institution),Nairobi,Nairobi,Langata,Lang'ata,Kibera,Makina,LANG'ATA,Makina,Level 3,132 Karanja rd.,1,1,5,0,Operational
13221,St. Odilia's Dispensary,Dispensary,Kenya Episcopal Conference-Catholic Secretariat,Nairobi,Nairobi,Langata,Lang'ata,Karen,Karen,LANG'ATA,Karen Shopping center,Level 2,126 Windy Ridge rd.,0,1,0,0,Operational
18495,St.Aloysius Gonzaga School Dispensary,Dispensary,Kenya Episcopal Conference-Catholic Secretariat,Nairobi,Nairobi,Langata,Lang'ata,Mugumoini,Ngei 1 Estate,LANG'ATA,Otiende shopping center,Level 2,,0,0,0,0,Operational
17422,St.Knights Medical Clinic,Medical Clinic,Private Practice - Nurse / Midwife,Nairobi,Nairobi,Langata,Lang'ata,Kibera,Makina,LANG'ATA,Makina,Level 2,,0,1,0,0,Not-Operational
17392,St.Pery's Medical Clinic,Medical Clinic,Private Practice - Nurse / Midwife,Nairobi,Nairobi,Langata,Lang'ata,Kibera,Makina,LANG'ATA,Toy MarketMakina,Level 2,61/691,0,1,0,0,Operational
18574,Strathmore University Medical Centre,Medical Clinic,Private Enterprise (Institution),Nairobi,Nairobi,Langata,Lang'ata,Nairobi West,Nairobi West,LANG'ATA,Nairobi West T Mall,Level 2,,0,0,0,0,Operational
13234,Tabitha Medical Clinic,Medical Clinic,Non-Governmental Organizations,Nairobi,Nairobi,Langata,Lang'ata,Sarang'Ombe,Gatwekera,LANG'ATA,Olympi estate,Level 2,,0,0,0,0,Operational
18304,The Co-operative University College Of Kenya Dispensary,Dispensary,Parastatal,Nairobi,Nairobi,Langata,Lang'ata,Lang'ata,Hardy,LANG'ATA,Hardy,Level 2,23134/1/2,0,0,0,0,Operational
13004,The Karen Hospital,Other Hospital,Private Enterprise (Institution),Nairobi,Nairobi,Langata,Lang'ata,Karen,Karen,LANG'ATA,Karen shopping center,Level 5,,1,1,102,0,Operational
17385,Tumaini Medical Center,Medical Clinic,Private Practice - Clinical Officer,Nairobi,Nairobi,Langata,Lang'ata,Sarang'ombe,Sarang'ombe,LANG'ATA,Kianda,Level 2,,0,1,0,0,Operational
13239,Uhuru Camp Dispensary (O.P. Admin Police),Dispensary,Armed Forces,Nairobi,Nairobi,Langata,Lang'ata,Nairobi West,Nairobi west,LANG'ATA,Madaraka Shopping Center,Level 2,,0,0,0,0,Operational
13245,Ushirika Medical Clinic,Health Centre,Community,Nairobi,Nairobi,Langata,Lang'ata,Sarang'Ombe,Kianda,LANG'ATA,Kianda,Level 3,42A Kibera drive,1,1,18,0,Operational
18741,Vipawa Medical Services,Medical Clinic,Private Practice - Clinical Officer,Nairobi,Nairobi,Langata,Lang'ata,Kibera,Makina,LANG'ATA,Next to Kibera Primary School,Level 2,,1,1,0,0,Operational
18323,Vostrum Clinic,Medical Clinic,Non-Governmental Organizations,Nairobi,Nairobi,Langata,Lang'ata,Kibera,Makina,LANG'ATA,Toi Market,Level 2,62/750/751,0,1,0,0,Operational
17394,Wema Medical Clinic,Maternity Home,Private Practice - Nurse / Midwife,Nairobi,Nairobi,Langata,lang'ata,Sarang'ombe,Gatwekera,LANG'ATA,Gatwekera,Level 3,,1,1,8,0,Operational
13262,Zinduka Clinic,VCT Centre (Stand-Alone),Other Faith Based,Nairobi,Nairobi,Langata,Langata,Nairobi West,,LANG'ATA,Nairobi,Level 2,,0,0,0,0,Operational
12868,Aga Khan University Hospital (Buruburu),Dispensary,Private Enterprise (Institution),Nairobi,Nairobi,Makadara,Makadara,Makadara,Harambee,MAKADARA,Nairobi,Level 2,,0,1,0,0,Operational
12880,Bahati Medical Clinic,Medical Clinic,Private Enterprise (Institution),Nairobi,Nairobi,Makadara,Makadara,Kayole,Embakasi,MAKADARA,Nairobi,Level 2,,0,0,0,0,Operational
18277,British American Tobacco Kenya Clinic,Medical Clinic,Private Enterprise (Institution),Nairobi,Nairobi,Makadara,Viwandani,Viwandani,Landi Mawe,MAKADARA,Uhuru Market,Level 2,,0,1,0,0,Operational
12888,Buruburu Medical Clinic,Medical Clinic,Private Enterprise (Institution),Nairobi,Nairobi,Makadara,Makadara,Makadara,Makadara,MAKADARA,Nairobi,Level 2,,0,0,0,0,Operational
12889,Cana Family Life Clinic,Maternity Home,Non-Governmental Organizations,Nairobi,Nairobi,Makadara,Viwandani,Viwandani,Lungalunga,MAKADARA,Sinai,Level 2,,1,1,5,0,Operational
18795,Church Army Medical Clinic,Medical Clinic,Christian Health Association of Kenya,Nairobi,Nairobi,Makadara,Makadara,Makongeni,Makongeni,MAKADARA,Uhuru Market,Level 2,,0,1,0,0,Operational
12904,Coptic Medical Clinic,Medical Clinic,Christian Health Association of Kenya,Nairobi,Nairobi,Makadara,Viwandani,Viwandani,Landi Mawe,MAKADARA,Donholm,Level 2,209/3877Industial Area,0,1,0,0,Operational
12925,Dr Mohamed Clinic,Medical Clinic,Private Practice - Unspecified,Nairobi,Nairobi,Makadara,Makadara,Maringo,Maringo,MAKADARA,Uhuru Market,Level 2,,0,0,0,0,Operational
12943,Flack Clinic,Medical Clinic,Private Practice - Nurse / Midwife,Nairobi,Nairobi,Makadara,South B,Nairobi South,Nairobi South,MAKADARA,South B Shopping Centre,Level 2,209/3609 Muchumbi Road South B ,0,0,0,0,Operational
18282,Glovnet VC T,VCT Centre (Stand-Alone),Non-Governmental Organizations,Nairobi,Nairobi,Makadara,Makadara,Makadara,Mbotela,MAKADARA,Uhuru Market,Level 2,,0,0,0,0,Operational
12969,Hono Clinic,Dispensary,Local Authority,Nairobi,Nairobi,Makadara,Makadara,Jericho- Lumumba,Lumumba,MAKADARA,Jericho Market,Level 2,,0,0,0,0,Operational
18543,Hope Worldwide Kenya VCT (Makadara),VCT Centre (Stand-Alone),Non-Governmental Organizations,Nairobi,Nairobi,Makadara,Makadara,Maringo,Maringo,MAKADARA,Maringo Shopping Centre,Level 2,209/7141/6,0,0,0,0,Operational
12984,Jamaa Mission Hospital,Other Hospital,Kenya Episcopal Conference-Catholic Secretariat,Nairobi,Nairobi,Makadara,Makadara,Makadara,Harambee,MAKADARA,Buruburu Shopping Centre,Level 4,209/8280,1,1,63,8,Operational
12988,Jericho Health Centre,Dispensary,Local Authority,Nairobi,Nairobi,Makadara,Makadara,Jericho-Lumumba,Jericho,MAKADARA,Jericho Shopping Centre,Level 2,Site Code 10717,1,1,0,0,Operational
12992,Juhudi Clinic,Medical Clinic,Private Enterprise (Institution),Nairobi,Nairobi,Makadara,Makadara,Makogeni,Makogeni,MAKADARA,Nairobi,Level 2,,0,0,0,0,Operational
18407,Just Medical Limited,Medical Clinic,Private Practice - General Practitioner,Nairobi,Nairobi,Makadara,Makadara,Harambee,Buruburu,MAKADARA,Mutindwa,Level 2,NBI/75/1050,0,1,0,0,Operational
12998,Kaloleni Dispensary,Dispensary,Local Authority,Nairobi,Nairobi,Makadara,Makadara,Makogeni,Kaloleni,MAKADARA,Kaloleni Shopping Centre,Level 2,,0,0,0,0,Operational
12999,Kaloleni Health Servics,Medical Clinic,Private Enterprise (Institution),Nairobi,Nairobi,Makadara,Makadara,Makogeni,Kaloleni,MAKADARA,Nairobi,Level 2,6823/3,1,1,5,0,Operational
18357,KEMSA Staff Clinic,Dispensary,Ministry of Health,Nairobi,Nairobi,Makadara,Viwandani,Landi Mawe,Landi Mawe,MAKADARA,City Stadium,Level 2,,0,0,0,0,Operational
13040,Landmawe Medical Services,Medical Clinic,Private Enterprise (Institution),Nairobi,Nairobi,Makadara,Makadara,Makogeni,Makogeni,MAKADARA,Muthurua,Level 2,H/11A Off Factory Street Landmawe Estate,1,1,10,0,Operational
18590,Lengo Medical Clinic,Medical Clinic,Private Practice - Nurse / Midwife,Nairobi,Nairobi,Makadara,South B,Mukuru Nyayo,Hazina,MAKADARA,Hazina,Level 2,,0,1,0,0,Operational
13051,Loco Dispensary,Dispensary,Other Public Institution,Nairobi,Nairobi,Makadara,Makadara,Makongeni,Makongeni,MAKADARA,Railway Station,Level 2,,0,0,0,0,Operational
13053,Lunga Lunga Health Centre,Dispensary,Local Authority,Nairobi,Nairobi,Makadara,Makadara,Viwandani,Viwandani,MAKADARA,Nairobi,Level 2,,0,0,0,0,Operational
17494,Lungalunga Health Centre,Dispensary,Local Authority,Nairobi,Nairobi,Makadara,Viwandani,Viwandani,Viwandani,MAKADARA,Maremba Stage,Level 2,,0,0,0,0,Operational
13056,Makadara Health Centre,Health Centre,Local Authority,Nairobi,Nairobi,Makadara,Makadara,Makadara,Makadara,MAKADARA,Nairobi,Level 3,,1,1,20,1,Operational
13057,Makadara Mercy Sisters Dispensary,Medical Clinic,Kenya Episcopal Conference-Catholic Secretariat,Nairobi,Nairobi,Makadara,Makadara,Makadara,Lumumba/Jericho,MAKADARA,Maringo,Level 2,209/6537,0,1,0,0,Operational
13060,Makogeni Clinic,Dispensary,Local Authority,Nairobi,Nairobi,Makadara,Makadara,Viwandani,Viwandani,MAKADARA,Nairobi,Level 2,,0,0,0,0,Not-Operational
13064,Mariakani Cottage Hospital Ltd,Nursing Home,Private Enterprise (Institution),Nairobi,Nairobi,Makadara,South B,Nairobi South,Nairobi South,MAKADARA,South B Shopping Centre,Level 3,,1,1,25,6,Operational
13069,Maringo Clinic,Dispensary,Local Authority,Nairobi,Nairobi,Makadara,Makadara,Maringo,Maringo,MAKADARA,Maringo Shopping Centre,Level 2,,0,0,0,0,Operational
12982,Mary Immaculate Clinic Mukuru,Medical Clinic,Other Faith Based,Nairobi,Nairobi,Makadara,South B,Mukuru Nyayo,Nairobi South,MAKADARA,South B Shopping Centre,Level 2,,0,0,0,0,Operational
13081,Mbotela Clinic,Medical Clinic,Local Authority,Nairobi,Nairobi,Makadara,Makadara,Maringo,Mbotela,MAKADARA,Uhuru Market,Level 2,,0,0,0,0,Operational
13084,Meridian Medical Centre (Buruburu),Medical Clinic,Private Enterprise (Institution),Nairobi,Nairobi,Makadara,Makadara,Makadara,Uhuru,MAKADARA,Buruburu Shopping Centre,Level 2,,0,1,0,0,Operational
18591,Meridian Medical Centre (Capital Centre),Medical Clinic,Private Practice - General Practitioner,Nairobi,Nairobi,Makadara,South B,Mukuru Nyayo,South B,MAKADARA,South B Shopping Centre,Level 2,,0,1,0,0,Operational
13090,Metropolitan Hospital Nairobi,Other Hospital,Private Enterprise (Institution),Nairobi,Nairobi,Makadara,Makadara,Makadara,Harambee,MAKADARA,Burburu Shopping Centre,Level 3,,1,1,43,8,Operational
18167,MMAK,VCT Centre (Stand-Alone),Non-Governmental Organizations,Nairobi,Nairobi,Makadara,Makadara,Jericho-Lumumba,Harambee,MAKADARA,Jericho Market,Level 2,,0,0,0,0,Operational
13097,MOW Dispensary ,Dispensary,Other Public Institution,Nairobi,Nairobi,Makadara,Makadara,Viwandani,Landi Mawe,MAKADARA,Commercial,Level 2,,0,0,0,0,Operational
13100,Mukuru Crescent Clinic,Medical Clinic,Supreme Council for Kenya Muslims,Nairobi,Nairobi,Makadara,South B,Hazina,Mukuru Nyayo,MAKADARA,Nairobi,Level 2,186670/98,0,1,0,0,Operational
18797,Multiple Options Health Care,Health Centre,Non-Governmental Organizations,Nairobi,Nairobi,Makadara,Makadara,Viwandani,Viwandani,MAKADARA,Tuskys Lungalunga,Level 3,,1,1,6,0,Operational
18394,Nairobi EARC St Anne Medical Clinic,Medical Clinic,Academic (if registered),Nairobi,Nairobi,Makadara,Makadara,Makadara,Hamsa,MAKADARA,Uhuru market,Level 2,,0,0,0,0,Operational
13161,Nairobi Remand  Prison Health Centre,Dispensary,Other Public Institution,Nairobi,Nairobi,Makadara,Viwandani,Viwandani,Landmawe,MAKADARA,Nairobi Remand Prison,Level 2,,0,0,0,0,Operational
13113,Nairobi South Clinic,Medical Clinic,Local Authority,Nairobi,Nairobi,Makadara,Makadara,Mukuru,Mukuru Nyayo,MAKADARA,South B Shopping Centre,Level 2,,0,0,0,0,Operational
18007,New Partners Initiative Scaling Up HIV And AIDS Prevention Program (NPI SHAP),Health Programme,Non-Governmental Organizations,Nairobi,Nairobi,Makadara,South B ,Mukuru Nyayo ,Nairobi Suoth ,MAKADARA,South B Shopping centre,Level 2,,0,0,0,0,Operational
13132,Ofafa I Clinic,Medical Clinic,Local Authority,Nairobi,Nairobi,Makadara,Makadara,Maringo,Maringo,MAKADARA,Maringo,Level 2,,0,0,0,0,Operational
13136,P & T Clinic,Dispensary,Parastatal,Nairobi,Nairobi,Makadara,Makadara,Viwandani,Viwandani,MAKADARA,Nairobi,Level 2,,0,0,0,0,Not-Operational
13168,Railway Training Institute  Dispensary South B ,Dispensary,Academic (if registered),Nairobi,Nairobi,Makadara,South B,Mukuru Nyayo,Nairobi South,MAKADARA,Railway Training Institute,Level 2,,0,0,0,0,Operational
18796,Sasa Centre(Makadara),Medical Clinic,Non-Governmental Organizations,Nairobi,Nairobi,Makadara,,,,MAKADARA,South B Shopping Centre,Level 2,,0,0,0,0,Operational
18593,SDA Health Services Likoni Road Clinic,Medical Clinic,Christian Health Association of Kenya,Nairobi,Nairobi,Makadara,Viwandani,Viwandani,Landmawe,MAKADARA,,Level 2,,0,1,0,0,Operational
13185,Shepherds Medical Clinic Maringo,Medical Clinic,Private Enterprise (Institution),Nairobi,Nairobi,Makadara,Makadara,Hamsa,Ofafa Maringo,MAKADARA,Maringo Shopping Centre,Level 2,,1,1,0,0,Operational
13190,South B Clinic,Medical Clinic,Private Enterprise (Institution),Nairobi,Nairobi,Makadara,Makadara,Mukuru Nyayo,Mukuru Nyayo,MAKADARA,Nairobi,Level 2,,0,0,0,0,Not-Operational
18005,South B Hospital LTD,Nursing Home,Private Practice - General Practitioner,Nairobi,Nairobi,Makadara,South B ,Mukuru Nyayo,Nairobi South,MAKADARA,South B Shopping Centre,Level 3,209/3699 Kapiti Crescent South B Nairobi,1,0,35,5,Operational
13144,South B Police Band Dispensary,Dispensary,Other Public Institution,Nairobi,Nairobi,Makadara,South B,Mukuru Nyayo,Nairobi South,MAKADARA,Nairobi South B shopping Centre,Level 2,,0,0,0,0,Operational
17657,The Mater Hospital Buruburu,Dispensary,Kenya Episcopal Conference-Catholic Secretariat,Nairobi,Nairobi,Makadara,Makadara,Makadara,Harambee,MAKADARA,Buruburu Market,Level 2,,0,1,0,0,Operational
13074,The Mater Hospital Mukuru,Other Hospital,Kenya Episcopal Conference-Catholic Secretariat,Nairobi,Nairobi,Makadara,South B,Mukuru Nyayo,Mukuru Nyayo,MAKADARA,South B Shopping Centre,Level 4,LR209/6555,1,1,120,20,Operational
17404,Uhuru Presitige Health Care,Medical Clinic,Private Practice - Nurse / Midwife,Nairobi,Nairobi,Makadara,Makadara,Jericho Lumumba,Uhuru,MAKADARA,Uhuru Shopping Centre,Level 2,209/1349,0,1,0,0,Operational
17056,Barsemoi Dispensary,Dispensary,Ministry of Health,Rift Valley,Baringo,Marigat,Marigat,Ewalel Soi,Kabusa,BARINGO CENTRAL,Kabarnet,Level 2,,0,0,0,0,Pending Opening
17351,Eldume Dispensary,Dispensary,Ministry of Health,Rift Valley,Baringo,Marigat,Marigat,Ngambo,Eldume,BARINGO CENTRAL,Marigat,Level 2,,3,3,0,0,Not-Operational
14568,Illinga'rua Dispensary,Dispensary,Ministry of Health,Rift Valley,Baringo,Marigat,Marigat,Eldume,Ilingarua,BARINGO CENTRAL,Marigat ,Level 2,,0,0,0,0,Operational
14702,Kapindasim  Dispensary,Dispensary,Ministry of Health,Rift Valley,Baringo,Marigat,Mochongoi,Arabal,Kapindasim,BARINGO CENTRAL,Kabarnet ,Level 2,,0,0,0,0,Operational
14867,Kimalel Health Centre,Health Centre,Ministry of Health,Rift Valley,Baringo,Marigat,Marigat,Kimalel,Kimalel,BARINGO CENTRAL,Marigat ,Level 3,,1,1,17,0,Operational
14941,Kiserian Dispensary,Dispensary,Other Faith Based,Rift Valley,Baringo,Marigat,Mukutani,Kiserian,Kiserian ,BARINGO CENTRAL,Marigat,Level 2,,0,0,0,0,Operational
14976,Kokwa  Dispensary,Dispensary,Ministry of Health,Rift Valley,Baringo,Marigat,Marigat,Salabani,Meisori,BARINGO CENTRAL,Marigat ,Level 2,,0,0,0,0,Operational
14990,Koriema  Dispensary,Dispensary,Ministry of Health,Rift Valley,Baringo,Marigat,Marigat,Marigat,Koriema,BARINGO CENTRAL,Marigat ,Level 2,,0,0,0,0,Operational
17348,Lamaiwe Dispensary,Dispensary,Ministry of Health,Rift Valley,Baringo,Marigat,Mochongoi,Mochongoi,Kapkechir,BARINGO CENTRAL,Mochongoi,Level 2,,0,0,0,0,Not-Operational
15042,Loboi Dispensary,Dispensary,Ministry of Health,Rift Valley,Baringo,Marigat,Marigat,Loboi,Loboi,BARINGO CENTRAL,Marigat ,Level 2,,0,0,0,0,Operational
15137,Marigat Catholic Mission ,Dispensary,Kenya Episcopal Conference-Catholic Secretariat,Rift Valley,Baringo,Marigat,Marigat,Marigat,Marigat,BARINGO CENTRAL,Marigat ,Level 2,,0,0,6,0,Operational
15138,Marigat Sub District Hospital,Sub-District Hospital,Ministry of Health,Rift Valley,Baringo,Marigat,Marigat,Marigat,Yatoi,BARINGO CENTRAL,Marigat ,Level 4,,0,0,13,0,Operational
15192,Mochongoi  Health Centre,Health Centre,Ministry of Health,Rift Valley,Baringo,Marigat,Mochongoi,Mochongoi,Mochongoi,BARINGO CENTRAL,Kabarnet ,Level 3,,1,1,8,0,Operational
15336,Ngambo Dispensary,Dispensary,Ministry of Health,Rift Valley,Baringo,Marigat,Marigat,Ngambo,Ngambo,BARINGO CENTRAL,Marigat ,Level 2,,0,0,6,0,Not-Operational
17349,Nyimbei Dispensary,Dispensary,Ministry of Health,Rift Valley,Baringo,Marigat,Mochongoi,Chebinyiny,Chebinyiny,BARINGO CENTRAL,Mochongoi,Level 2,,0,0,0,0,Not-Operational
15386,Ol-Arabel Dispensary,Dispensary,Ministry of Health,Rift Valley,Baringo,Marigat,Mochongoi,Kimoriot,Olarabel,BARINGO CENTRAL,Kabarnet ,Level 2,,0,0,0,0,Operational
15527,Sandai Dispensary,Dispensary,Ministry of Health,Rift Valley,Baringo,Marigat,Marigat,Marigat,Sandai,BARINGO CENTRAL,Marigat ,Level 2,,0,0,0,0,Operational
14226,Banita Dispensary,Dispensary,Ministry of Health,Rift Valley,Baringo,Mogotio,Mbogoine,Makongeni,Banita,MOGOTIO,Mogotio,Level 2,,0,1,0,0,Operational
14292,Cheberen Dispensary,Dispensary,Ministry of Health,Rift Valley,Baringo,Mogotio,Kipngorom,Cheberen,Cheberen,MOGOTIO,Mogotio,Level 2,,0,0,0,0,Operational
17095,Chemoinoi Dispensary,Dispensary,Ministry of Health,Rift Valley,Baringo,Mogotio,Emining,Kimose,,MOGOTIO,Mogotio,Level 2,,0,0,0,0,Not-Operational
14357,Cheppemma (AIC) Dispensary,Dispensary,Other Faith Based,Rift Valley,Baringo,Mogotio,Kampi Ya Moto,Kampi Ya Moto,Moricho,MOGOTIO,Mogotio,Level 2,,0,0,0,0,Operational
14446,Emining Health Centre,Health Centre,Ministry of Health,Rift Valley,Baringo,Mogotio,Emining,Emining,Emining,MOGOTIO,Mogotio,Level 3,,1,1,16,2,Operational
17098,Kamar Dispensary,Dispensary,Ministry of Health,Rift Valley,Baringo,Mogotio,Mogotio,Koibos,,MOGOTIO,Mogotio,Level 2,,0,0,0,0,Not-Operational
14709,Kapkein Dispensary,Dispensary,Ministry of Health,Rift Valley,Baringo,Mogotio,Sirwa,Sirwa,Sirwa,MOGOTIO,Mogotio,Level 2,,0,0,0,0,Operational
17091,Kipkitur Dispensary,Dispensary,Ministry of Health,Rift Valley,Baringo,Mogotio,Mogotio,Kapkechui,,MOGOTIO,Mogotio town,Level 2,,0,0,0,0,Not-Operational
17099,Kipsogon Dispensary,Dispensary,Ministry of Health,Rift Valley,Baringo,Mogotio,Mogotio,Lembus Mogotio,,MOGOTIO,Mogotio,Level 2,,0,0,0,0,Not-Operational
14940,Kisanana Health Centre,Health Centre,Ministry of Health,Rift Valley,Baringo,Mogotio,Kisanana,Kisanana,Kisanana,MOGOTIO,Mogotio,Level 3,,1,1,5,0,Operational
14968,Koitebes Dispensary,Dispensary,Ministry of Health,Rift Valley,Baringo,Mogotio,Emining,Koitebes,Koitebes,MOGOTIO,Mogotio,Level 2,,0,0,0,0,Operational
15112,Maji Moto Dispensary,Dispensary,Ministry of Health,Rift Valley,Baringo,Mogotio,Mogotio,Koibos Soi,Maji Moto,MOGOTIO,Mogotio,Level 2,,0,0,0,0,Operational
15198,Mogotio Dispensary,Dispensary,Other Faith Based,Rift Valley,Baringo,Mogotio,Mogotio,Lembus Mogotio,Mogotio,MOGOTIO,Mogotio,Level 2,,0,0,0,0,Operational
15215,Molok Dispensary,Dispensary,Ministry of Health,Rift Valley,Baringo,Mogotio,Emining,Koibos Soi,Radat,MOGOTIO,Mogotio,Level 2,,0,0,0,0,Operational
15216,Molos Dispensary,Dispensary,Ministry of Health,Rift Valley,Baringo,Mogotio,Mogotio,Kamar,Molos,MOGOTIO,Mogotio,Level 2,,0,0,0,0,Operational
15217,Molosirwe dispensary,Dispensary,Ministry of Health,Rift Valley,Baringo,Mogotio,Mogotio,Emining,Oterit,MOGOTIO,Mogotio,Level 2,,0,0,0,0,Operational
15246,Mugurin Dispensary,Dispensary,Ministry of Health,Rift Valley,Baringo,Mogotio,Mogotio,Simotwe,Mugurin,MOGOTIO,Mogotio,Level 2,,0,0,6,0,Operational
17097,Ng'endalel Dispensary,Dispensary,Ministry of Health,Rift Valley,Baringo,Mogotio,Kisanana,Ng'endalel,,MOGOTIO,Mogotio,Level 2,,0,0,0,0,Not-Operational
15353,Ngubereti  Health Centre,Health Centre,Ministry of Health,Rift Valley,Baringo,Mogotio,Mogotio,Lembus Ngubereti,Ngubereti,MOGOTIO,Mogotio,Level 3,,0,0,14,1,Operational
17090,Oldebes Dispensary,Dispensary,Ministry of Health,Rift Valley,Baringo,Mogotio,Kisanana,Oldebes,,MOGOTIO,Kisanana centre,Level 2,,0,0,0,0,Not-Operational
15410,Olkokwe dispensary,Dispensary,Ministry of Health,Rift Valley,Baringo,Mogotio,Kisanana,Olkokwe,Olkokwe,MOGOTIO,Mogotio,Level 2,,0,0,0,0,Operational
15432,Ol-Rongai Dispensary (Rongai),Dispensary,Ministry of Health,Rift Valley,Baringo,Mogotio,Kampi Ya Moto,Kampi Ya Moto,Menengai,MOGOTIO,Mogotio,Level 2,419,0,0,0,0,Operational
15477,Radat dispensary,Dispensary,Ministry of Health,Rift Valley,Baringo,Mogotio,Emining,Koibos Soi,Radat,MOGOTIO,Mogotio,Level 2,,0,0,0,0,Operational
15593,Sirwa Dispensary (Koibatek),Dispensary,Ministry of Health,Rift Valley,Baringo,Mogotio,Sirwa,Sirwa,Sirwa,MOGOTIO,Mogotio,Level 2,,0,0,8,1,Operational
15613,Sore Dispensary,Dispensary,Ministry of Health,Rift Valley,Baringo,Mogotio,Sirwa,Sirwa,Sore,MOGOTIO,Mogotio,Level 2,,0,0,0,0,Operational
17096,Waseges Dispensary,Dispensary,Ministry of Health,Rift Valley,Baringo,Mogotio,Kisanana,Sinende,,MOGOTIO,Mogotio,Level 2,,0,0,0,0,Not-Operational
12887,Brother Andre Clinic,Medical Clinic,Kenya Episcopal Conference-Catholic Secretariat,Nairobi,Nairobi,Njiru,Dandora, Dandora , Dandora ,EMBAKASI,Dandora 41,Level 2,,0,0,0,0,Operational
12903,Conerstone Clinic,Medical Clinic,Christian Health Association of Kenya,Nairobi,Nairobi,Njiru,Njiru,Njiru, Njiru ,EMBAKASI,Njiru Market,Level 2,,0,0,0,0,Operational
12911,Dandora (EDARP) Clinic,Medical Clinic,Kenya Episcopal Conference-Catholic Secretariat,Nairobi,Nairobi,Njiru,Dandora, Dandora , Dandora ,EMBAKASI,Dandora phase II Estate,Level 2,,0,0,0,0,Operational
17997,Dandora Health service ,Medical Clinic,Private Practice - General Practitioner,Nairobi,Nairobi,Njiru,Dandora,Dandora,Dandora Phase V,EMBAKASI,Dandora Phase V,Level 2,,0,1,0,0,Operational
12913,Dandora I Health Centre ,Health Centre,Local Authority,Nairobi,Nairobi,Njiru,Embakasi,Dandora,Dandora,EMBAKASI,Nairobi,Level 2,,0,0,0,0,Operational
12912,Dandora II  Health Centre,Health Centre,Local Authority,Nairobi,Nairobi,Njiru,Dandora,Dandora,Dandora,EMBAKASI,Dandora 41 Market,Level 2,,0,0,12,1,Operational
18220,Dandora Medical Centre,Medical Clinic,Private Practice - Unspecified,Nairobi,Nairobi,Njiru,Njiru,Dandora,Dandora,EMBAKASI,Dandora Phase IV,Level 2,,0,1,0,0,Operational
12915,Delta Medical Clinic Dandora,Medical Clinic,Private Enterprise (Institution),Nairobi,Nairobi,Njiru,Dandora,Dandora,Dandora,EMBAKASI,Dandora phase III Market,Level 2,,0,0,0,0,Operational
18388,Divine Mercy Kariobangi ,Medical Clinic,Other Faith Based,Nairobi,Nairobi,Njiru,Kariobangi South,Kariobangi South,Kariobangi South,EMBAKASI,Kariobangi South,Level 2,,0,1,0,0,Operational
18389,Dreamline Medical Clinic Kamulu,Medical Clinic,Private Practice - General Practitioner,Nairobi,Nairobi,Njiru,Ruai,Ruai,Kamulu,EMBAKASI,Kamulu,Level 2,316B,1,0,0,2,Operational
17548,EDARP Njiru Clinic,Medical Clinic,Kenya Episcopal Conference-Catholic Secretariat,Nairobi,Nairobi,Njiru,Njiru,Njiru,Njiru,EMBAKASI,Niru Shoping Centre,Level 2,,0,0,0,0,Operational
13169,EDARP Ruai  Clinic,Dispensary,Kenya Episcopal Conference-Catholic Secretariat,Nairobi,Nairobi,Njiru,Ruai,Ruai,Ruai,EMBAKASI,Ruai market,Level 2,,0,0,0,0,Operational
18390,Family Medical Centre (Ruai),Medical Clinic,Private Practice - General Practitioner,Nairobi,Nairobi,Njiru,Njiru,Ruai,Ruai,EMBAKASI,Ruai,Level 2,,1,1,2,2,Operational
17434,Kariobangi South Clinic,Medical Clinic,Local Authority,Nairobi,Nairobi,Njiru,Kariobangi South,Kariobangi South,Kariobangi South,EMBAKASI,Kariobangi South Market,Level 2,,0,0,0,0,Operational
18368,Live Well Health Medical Clinic Matopeni,Medical Clinic,Private Practice - General Practitioner,Nairobi,Nairobi,Njiru,Njiru,Njiru,Matopeni,EMBAKASI,Njiru,Level 2,,0,0,0,0,Operational
13094,Mkunga Clinic,Medical Clinic,Private Enterprise (Institution),Nairobi,Nairobi,Njiru,Dandora,Dandora,Dandora,EMBAKASI,Dandora phase II Market,Level 3,,0,0,6,0,Operational
13102,Mundoro Medical Clinic Dandora,Medical Clinic,Private Enterprise (Institution),Nairobi,Nairobi,Njiru,Dandora,Dandora,Dandora,EMBAKASI,Dandora phase II Market,Level 2,,0,0,4,0,Operational
13126,Njiru Dispensary,Dispensary,Local Authority,Nairobi,Nairobi,Njiru,Njiru,Njiru,Njiru,EMBAKASI,Njiru Market,Level 2,,0,0,0,0,Operational
18436,Oasis Medical Clinic,Medical Clinic,Private Practice - Unspecified,Nairobi,Nairobi,Njiru,Dandora,Dandora,Dandora  41,EMBAKASI,Dandora  41,Level 2,,0,1,0,0,Operational
18387,Paradise Medical centre,Medical Clinic,Private Practice - General Practitioner,Nairobi,Nairobi,Njiru,Dandora,Dandora,Dandora  41,EMBAKASI,Dandora  41,Level 3,2262,1,1,10,2,Operational
13124,PCEA Clinic (Ngundo),Medical Clinic,Christian Health Association of Kenya,Nairobi,Nairobi,Njiru,Ruai,Ruai,Ruai,EMBAKASI,Ruai Market,Level 2,,0,0,0,0,Operational
12910,PCEA Dandora Clinic,Medical Clinic,Christian Health Association of Kenya,Nairobi,Nairobi,Njiru,Dandora,Dandora, Dandora ,EMBAKASI,Dandora phase ii Estate,Level 2,,0,0,0,0,Operational
17996,Precious Life Medical Clinic Ruai,Medical Clinic,Private Practice - General Practitioner,Nairobi,Nairobi,Njiru,Ruai,Ruai,Ruai Bypass,EMBAKASI,Ruai Market,Level 2,E174,0,1,0,0,Operational
13148,Provide Internatinal clinic (Dandora),Medical Clinic,Non-Governmental Organizations,Nairobi,Nairobi,Njiru,Dandora,Dandora, Dandora ,EMBAKASI,Dandora phase III Market,Level 2,,0,1,0,0,Operational
18001,Prudent Medical Clinic Kariobangi,Medical Clinic,Private Practice - General Practitioner,Nairobi,Nairobi,Njiru,Kariobangi,Kariobangi South,Saika,EMBAKASI,Kariobangi South,Level 2,,1,1,0,0,Operational
17998,Rays International Clinic Kariobangi,Medical Clinic,Community,Nairobi,Nairobi,Njiru,Kariobangi,Kariobangi South,Kariobangi South,EMBAKASI,Kariobangi Jua Kali,Level 2,,0,1,0,0,Operational
18668,Reinha Rosary Medical Clinic (Githunguri),Medical Clinic,Kenya Episcopal Conference-Catholic Secretariat,Nairobi,Nairobi,Njiru,Ruai,Ruai,Githunguri,EMBAKASI,Githunguri,Level 2,,0,1,0,0,Operational
18221,Ruai (SDA) Clinic,Medical Clinic,Other Faith Based,Nairobi,Nairobi,Njiru,Njiru,Ruai,Ruai,EMBAKASI,Ruai Market,Level 2,,0,1,0,0,Operational
13170,Ruai Community Clinic,Medical Clinic,Private Enterprise (Institution),Nairobi,Nairobi,Njiru,Embakasi,Ruai,Ruai,EMBAKASI,Nairobi,Level 2,,0,0,0,0,Operational
13171,Ruai Health Centre,Health Centre,Local Authority,Nairobi,Nairobi,Njiru,Embakasi,Ruai,Ruai,EMBAKASI,Nairobi,Level 2,,0,0,0,0,Operational
18386,Saika Medical Centre,Medical Clinic,Private Practice - General Practitioner,Nairobi,Nairobi,Njiru,Njiru,Njiru,Saika,EMBAKASI,Njiru,Level 2,,0,0,0,0,Operational
13176,Samaritan Medical Services (Dandora),Nursing Home,Non-Governmental Organizations,Nairobi,Nairobi,Njiru,Njiru,Dandora,Dandora,EMBAKASI,Dandora,Level 3,,1,1,24,1,Operational
18662,Senate Health Services,Medical Clinic,Private Practice - Nurse / Midwife,Nairobi,Nairobi,Njiru,Dandora,Dandora phase II,Dandora phase II,EMBAKASI,Dandora,Level 2,,0,1,0,0,Operational
18000,Skymed Medical Clinic Githunguri,Medical Clinic,Private Practice - General Practitioner,Nairobi,Nairobi,Njiru,Ruai,Githunguri,Githunguri,EMBAKASI,Utawala Shopping Centre,Level 2,,0,1,0,0,Operational
18219,St Alice (EDARP) Dandora,Medical Clinic,Kenya Episcopal Conference-Catholic Secretariat,Nairobi,Nairobi,Njiru,Njiru,Dandora,Dandora,EMBAKASI,Dandora Phase IV,Level 2,,0,0,0,0,Operational
18222,St John's Community clinic Njiru,Medical Clinic,Non-Governmental Organizations,Nairobi,Nairobi,Njiru,Njiru,Njiru,Njiru,EMBAKASI,Njiru Market,Level 2,,0,1,0,0,Operational
13214,St Mark Medical Clinic (Nairobi East),Medical Clinic,Private Enterprise (Institution),Nairobi,Nairobi,Njiru,Embakasi,Dandora,Dandora,EMBAKASI,Nairobi,Level 2,,0,0,0,0,Operational
13229,St Vincent Clinic (Nairobi East),Medical Clinic,Private Enterprise (Institution),Nairobi,Nairobi,Njiru,Embakasi,Ruai,Ruai,EMBAKASI,Nairobi,Level 2,,0,0,0,0,Operational
13251,Wamunga Health Clinic,Medical Clinic,Private Enterprise (Institution),Nairobi,Nairobi,Njiru,Dandora,Dandora,Dandora,EMBAKASI,Dandora phase I Market,Level 2,73,0,1,0,0,Operational
13252,Wangu Medical Clinic ,Medical Clinic,Private Enterprise (Institution),Nairobi,Nairobi,Njiru,Embakasi,Ruai,Ruai,EMBAKASI,Nairobi,Level 2,,0,0,7,1,Operational
12861,AAR City Centre Clinic,Medical Clinic,Private Enterprise (Institution),Nairobi,Nairobi,Starehe,Starehe,Central Business District,,STAREHE,Nairobi,Level 2,,0,1,0,0,Operational
12882,Bethel Clinic,Medical Clinic,Private Enterprise (Institution),Nairobi,Nairobi,Starehe,Central,Huruma,,STAREHE,Nairobi,Level 2,,0,0,0,0,Operational
12890,Canaan Health Providers(Nairobi),Medical Clinic,Private Enterprise (Institution),Nairobi,Nairobi,Starehe,Central,City Square,,STAREHE,Nairobi,Level 2,,0,1,0,0,Operational
12901,Community Health  Foundation,Dispensary,Community,Nairobi,Nairobi,Starehe,Central,Central Business District,,STAREHE,Nairobi,Level 2,,0,0,0,0,Operational
12900,Crescent Medical Aid (Pangani),Medical Clinic,Non-Governmental Organizations,Nairobi,Nairobi,Starehe,Starehe,Kariokor,Pangani,STAREHE,Nairobi,Level 2,209/650 Pangani,0,0,0,0,Operational
12899,Crescent Medical Aid Murang'a Road,Medical Clinic,Non-Governmental Organizations,Nairobi,Nairobi,Starehe,Starehe,Starehe,City Square,STAREHE,Nairobi,Level 2,LR209/2552,0,0,0,0,Operational
12939,Family Health Options Phoenix,Dispensary,Non-Governmental Organizations,Nairobi,Nairobi,Starehe,Central,Central Business District,,STAREHE,Nairobi,Level 2,,0,0,0,0,Operational
12940,Family Health Options Ribeiro,Dispensary,Non-Governmental Organizations,Nairobi,Nairobi,Starehe,Central,Central Business District,,STAREHE,Nairobi,Level 2,,0,0,0,0,Operational
12946,Gaimu Clinic,Medical Clinic,Private Enterprise (Institution),Nairobi,Nairobi,Starehe,Central,Mathare,,STAREHE,Nairobi,Level 2,,0,0,0,0,Operational
12965,Guru Nanak Hospital,Other Hospital,Private Enterprise (Institution),Nairobi,Nairobi,Starehe,Central,Ngara,,STAREHE,Nairobi,Level 4,,0,0,38,0,Operational
12973,Huruma (EDARP),VCT Centre (Stand-Alone),Kenya Episcopal Conference-Catholic Secretariat,Nairobi,Nairobi,Starehe,Central,Huruma,,STAREHE,Nairobi,Level 2,,0,0,0,0,Operational
12972,Huruma (NCCK) Dispensary,Dispensary,Christian Health Association of Kenya,Nairobi,Nairobi,Starehe,Huruma,Huruma,,STAREHE,Nairobi,Level 2,,1,1,0,0,Operational
12974,Huruma Lions Dispensary,Dispensary,Local Authority,Nairobi,Nairobi,Starehe,Starehe,Huruma,Kia Maiko,STAREHE,Nairobi,Level 2,,0,0,0,0,Operational
12976,Huruma Nursing Home & Maternity,Nursing Home,Private Enterprise (Institution),Nairobi,Nairobi,Starehe,Starehe,Huruma,Ngei,STAREHE,Nairobi,Level 3,,1,1,30,0,Operational
18002,Innoculation Centre,Dispensary,Local Authority,Nairobi,Nairobi,Starehe,City Square,Central Business District,,STAREHE,Nairobi,Level 2,,0,0,0,0,Operational
13007,Kariokor Clinic,Dispensary,Local Authority,Nairobi,Nairobi,Starehe,Starehe,Kariokor,Ziwani,STAREHE,Nairobi,Level 2,,0,0,0,0,Operational
13020,KENWA,Dispensary,Non-Governmental Organizations,Nairobi,Nairobi,Starehe,Central,Central Business District,,STAREHE,Nairobi,Level 2,,0,0,0,0,Operational
13021,Kenya AirwaysMedical Centre,Medical Clinic,NOT IN LIST,Nairobi,Nairobi,Starehe,Starehe,City Square,,STAREHE,Nairobi,Level 2,,0,1,0,0,Operational
13031,KIE/KAPC,VCT Centre (Stand-Alone),Other Public Institution,Nairobi,Nairobi,Starehe,Central,Central Business District,,STAREHE,Nairobi,Level 2,,0,0,0,0,Operational
13039,Lagos Road Dispensary,Dispensary,Local Authority,Nairobi,Nairobi,Starehe,Central,Central Business District,,STAREHE,Nairobi,Level 2,,0,0,0,0,Operational
13065,Marie Stopes Clinic (KENCOM) ,Dispensary,Non-Governmental Organizations,Nairobi,Nairobi,Starehe,Central,Central Business District,,STAREHE,Nairobi,Level 2,,0,0,0,0,Operational
13075,Mathare 3A (EDARP),VCT Centre (Stand-Alone),Kenya Episcopal Conference-Catholic Secretariat,Nairobi,Nairobi,Starehe,Central,Mathare,,STAREHE,Nairobi,Level 2,,0,0,0,0,Operational
13078,Mathare Police Depot,Dispensary,Ministry of Health,Nairobi,Nairobi,Starehe,Central,Mathare,,STAREHE,Nairobi,Level 2,,0,0,0,0,Operational
13083,Medicare Clinic,Medical Clinic,Private Enterprise (Institution),Nairobi,Nairobi,Starehe,Central,Central Business District,,STAREHE,Nairobi,Level 2,,0,0,0,0,Operational
13092,Ministry of  Education (MOEST) VCT Centre,VCT Centre (Stand-Alone),Other Public Institution,Nairobi,Nairobi,Starehe,Central,Central Business District,,STAREHE,Nairobi,Level 2,,0,0,0,0,Operational
13107,Naioth Medical Clinic,Dispensary,Private Enterprise (Institution),Nairobi,Nairobi,Starehe,Central,Central Business District,,STAREHE,Nairobi,Level 2,,0,0,0,0,Operational
13108,Nairobi Deaf (Liverpool),VCT Centre (Stand-Alone),Non-Governmental Organizations,Nairobi,Nairobi,Starehe,Central,Central Business District,,STAREHE,Nairobi,Level 2,,0,0,0,0,Operational
13111,Nairobi Outpatient Centre,Medical Clinic,Private Enterprise (Institution),Nairobi,Nairobi,Starehe,Central,Central Business District,,STAREHE,Nairobi,Level 2,,1,1,0,0,Operational
13121,Ngaira Rhodes Dispensary,Dispensary,Local Authority,Nairobi,Nairobi,Starehe,City Square,Central Business District,,STAREHE,Nairobi,Level 2,,0,1,0,0,Operational
13122,Ngara Health centre(City Council of Nairobi),Health Centre,Local Authority,Nairobi,Nairobi,Starehe,Central,Ngara,,STAREHE,Nairobi,Level 3,,1,1,24,0,Operational
13138,Pangani Dispensary,Dispensary,Local Authority,Nairobi,Nairobi,Starehe,Central,Kariokor,,STAREHE,Nairobi,Level 2,,0,0,0,0,Operational
13139,Parkroad Nursing Home(Nairobi),Nursing Home,Private Enterprise (Institution),Nairobi,Nairobi,Starehe,Ngara,Ngara,,STAREHE,Nairobi,Level 3,209/5530/879,1,1,30,6,Operational
13158,Radiant Pangani Hospital,Other Hospital,Private Enterprise (Institution),Nairobi,Nairobi,Starehe,Central,Kariokor,,STAREHE,Nairobi,Level 3,,0,0,0,0,Operational
13163,Rhodes Chest Clinic,Dispensary,Local Authority,Nairobi,Nairobi,Starehe,Central,Central Business District,,STAREHE,Nairobi,Level 2,,0,0,0,0,Operational
13164,Ribeiro Clinic,Medical Clinic,Private Enterprise (Institution),Nairobi,Nairobi,Starehe,Central,Central Business District,,STAREHE,Nairobi,Level 2,,0,0,0,0,Operational
13174,Rural AID VCT,VCT Centre (Stand-Alone),Community,Nairobi,Nairobi,Starehe,Central,Central Business District,,STAREHE,Nairobi,Level 2,,0,0,0,0,Operational
13180,Sex Workers Operation Project (SWOP),Dispensary,Non-Governmental Organizations,Nairobi,Nairobi,Starehe,Central,Central Business District,,STAREHE,Nairobi,Level 2,,0,0,0,0,Operational
13187,Single Mothers Association of Kenya (SMAK),VCT Centre (Stand-Alone),Community,Nairobi,Nairobi,Starehe,Central,Central Business District,,STAREHE,Nairobi,Level 2,,0,0,0,0,Operational
13193,Special Treatment Clinic,Dispensary,Local Authority,Nairobi,Nairobi,Starehe,City Square,City Square,,STAREHE,Nairobi,Level 2,,0,0,0,0,Operational
13199,St Bridget's Mother & Child,Dispensary,Kenya Episcopal Conference-Catholic Secretariat,Nairobi,Nairobi,Starehe,Kariokor,Kariokor,Ziwani,STAREHE,Nairobi,Level 2,,0,0,0,0,Operational
13206,St Johns Ambulance,VCT Centre (Stand-Alone),Non-Governmental Organizations,Nairobi,Nairobi,Starehe,Central,Central Business District,,STAREHE,Nairobi,Level 2,,0,0,0,0,Operational
13233,Supkem (Liverpool),VCT Centre (Stand-Alone),Non-Governmental Organizations,Nairobi,Nairobi,Starehe,Central,Central Business District,,STAREHE,Nairobi,Level 2,,0,0,0,0,Operational
17969,Taiba Medical Centre,Health Centre,Private Enterprise (Institution),Nairobi,Nairobi,Starehe,Ngara,Ngara East,,STAREHE,Nairobi,Level 3,,1,1,8,1,Operational
13235,Teachers Service Commission,VCT Centre (Stand-Alone),Other Public Institution,Nairobi,Nairobi,Starehe,Central,Central Business District,,STAREHE,Nairobi,Level 2,,0,0,0,0,Operational
13237,Transcom Medical Services,Dispensary,Private Enterprise (Institution),Nairobi,Nairobi,Starehe,Central,Central Business District,,STAREHE,Nairobi,Level 2,,0,0,0,0,Operational
13243,Upendo Dispensary,Dispensary,Ministry of Health,Nairobi,Nairobi,Starehe,Central,Mathare,,STAREHE,Nairobi,Level 2,,0,0,0,0,Operational
13250,Wakibe Clinic,Medical Clinic,Private Enterprise (Institution),Nairobi,Nairobi,Starehe,Central,Huruma,,STAREHE,Nairobi,Level 2,,0,0,0,0,Operational
16796,AAR Clinic Sarit Centre (Westlands),Medical Clinic,Private Enterprise (Institution),Nairobi,Nairobi,Westlands,Westlands,Parklands,Upper Parklands,WESTLANDS,Nairobi,Level 2,,0,0,0,0,Operational
18535,Adventist Centre for Care and Support(Westlands),VCT Centre (Stand-Alone),Other Faith Based,Nairobi,Nairobi,Westlands,Kilimani,Kilimani,Kilimani,WESTLANDS,Nairobi,Level 2,,0,0,0,0,Operational
12867,Aga Khan Hospital,Other Hospital,Private Enterprise (Institution),Nairobi,Nairobi,Westlands,Westlands,Parklands,,WESTLANDS,,Level 5,,1,1,243,0,Operational
12870,Amurt Health Centre,Dispensary,Non-Governmental Organizations,Nairobi,Nairobi,Westlands,Westlands,Kangemi,Kangemi,WESTLANDS,Nairobi,Level 2,,0,0,0,0,Operational
18348,Association of Physically Disabled of Kenya,Health Project,Non-Governmental Organizations,Nairobi,Nairobi,Westlands,Westlands,Westlands,Westlands,WESTLANDS,ABC Place,Level 2,,0,0,0,0,Operational
12874,Avenue Hospital,Other Hospital,Private Enterprise (Institution),Nairobi,Nairobi,Westlands,Westlands,Parklands,Parklands,WESTLANDS,Nairobi,Level 4,,1,1,160,20,Operational
12898,Clinitec Medical Services,Medical Centre,Company Medical Service,Nairobi,Nairobi,Westlands,Westlands,Kilimani,,WESTLANDS,Hurlingham,Level 2,,0,0,0,0,Operational
12905,Coptic Hospital(Ngong Road),Other Hospital,Christian Health Association of Kenya,Nairobi,Nairobi,Westlands,Kilimani,Kilimani,Kilimani,WESTLANDS,Near China Centre.,Level 4,,1,1,60,0,Operational
12918,DOD Mrs Dispensary,Dispensary,Armed Forces,Nairobi,Nairobi,Westlands,Westlands,Kilimani,,WESTLANDS,Nairobi,Level 2,,0,0,9,2,Operational
12924,Dr Aziz Mohamed Medical clinic,Medical Clinic,Private Practice - Unspecified,Nairobi,Nairobi,Westlands,Westlands,Kilimani,,WESTLANDS,Nairobi,Level 2,,0,0,0,0,Operational
18778,Dr Florence Murila (Ngong Road),Medical Clinic,Private Practice - Medical Specialist,Nairobi,Nairobi,Westlands,Kilimani,Kilimani,Kilimani,WESTLANDS,Nairobi,Level 2,,0,1,0,0,Operational
12922,Dr Gachare Medical clinic,Medical Clinic,Private Enterprise (Institution),Nairobi,Nairobi,Westlands,Westlands,Kilimani,,WESTLANDS,Nairobi,Level 2,,0,0,0,0,Operational
12926,Dr Montet Medical clinic,Medical Clinic,Private Practice - Unspecified,Nairobi,Nairobi,Westlands,Westlands,Kilimani,,WESTLANDS,Nairobi,Level 2,,0,0,0,0,Operational
12927,Dr Muasya Medical clinic,Medical Clinic,Private Practice - Unspecified,Nairobi,Nairobi,Westlands,Westlands,Kilimani,,WESTLANDS,Nairobi,Level 2,,0,0,0,0,Operational
16797,Dr Waris,Medical Clinic,Private Practice - Unspecified,Nairobi,Nairobi,Westlands,Westlands,Parklands,Highridge,WESTLANDS,Nairobi,Level 2,,0,0,0,0,Operational
12928,Dr Were Medical clinic,Medical Clinic,Private Practice - Unspecified,Nairobi,Nairobi,Westlands,Westlands,Kilimani,,WESTLANDS,Nairobi,Level 2,,0,0,0,0,Operational
12950,Gertrudes Childrens Hospital,Other Hospital,Private Enterprise (Institution),Nairobi,Nairobi,Westlands,Westlands,Muthaiga,,WESTLANDS,Nairobi,Level 3,,0,0,85,0,Operational
12951,Gertrudes Othaya Road Dispensary,Dispensary,Private Enterprise (Institution),Nairobi,Nairobi,Westlands,Westlands,Kilimani,,WESTLANDS,Nairobi,Level 2,,0,0,0,0,Operational
16799,Gichago Dispensary,Dispensary,Private Enterprise (Institution),Nairobi,Nairobi,Westlands,Westlands,Kangemi,Gichagi,WESTLANDS,Nairobi,Level 2,,0,0,0,0,Operational
12966,Gynapaed Dispensary,Dispensary,Private Enterprise (Institution),Nairobi,Nairobi,Westlands,Westlands,Kilimani,,WESTLANDS,Nairobi,Level 2,,0,0,0,0,Operational
12979,I R Iran Medical Clinic,Medical Clinic,Private Enterprise (Institution),Nairobi,Nairobi,Westlands,Westlands,Kilimani,,WESTLANDS,Near Nakumatt Junction Dagoretti Corner,Level 2,,0,0,0,0,Operational
18488,Jacaranda Special  School,Training Institution in Health (Stand-alone),Other Public Institution,Nairobi,Nairobi,Westlands,Westlands,Westlands,,WESTLANDS,,Level 2,,0,0,0,0,Operational
12985,Jamii Clinic (westlands),Medical Clinic,Private Enterprise (Institution),Nairobi,Nairobi,Westlands,Kitsuru,Kikuyu,,WESTLANDS,Nairobi,Level 2,,0,0,0,0,Operational
12993,Kabete Approved School Dispensary,Dispensary,Ministry of Health,Nairobi,Nairobi,Westlands,Westlands,Lower Kabete,,WESTLANDS,near Lower Kabete Market,Level 2,,0,0,0,0,Operational
12994,Kabete Barracks Dispensary,Dispensary,Armed Forces,Nairobi,Nairobi,Westlands,Westlands,L/Kabete,,WESTLANDS,Nairobi,Level 2,,0,0,0,0,Operational
13001,Kangemi Health Centre,Health Centre,Local Authority,Nairobi,Nairobi,Westlands,Westlands,Kangemi,Kangemi,WESTLANDS,Nairobi,Level 3,,0,0,20,0,Operational
13005,KARI Health Clinic,Medical Clinic,Ministry of Health,Nairobi,Nairobi,Westlands,Kitusuru,Kitusuru,,WESTLANDS,Kikuyu,Level 2,,0,0,0,0,Operational
13009,Karura Health Centre(Kiambu Rd),Health Centre,Local Authority,Nairobi,Nairobi,Westlands,Westlands,Muthaiga,,WESTLANDS,Nairobi,Level 3,,0,0,0,0,Operational
13013,Kenya AIDS Vaccine Initiative (KAVI),Health Project,Academic (if registered),Nairobi,Nairobi,Westlands,Westlands,Kangemi,,WESTLANDS,Nairobi,Level 2,,0,0,0,0,Operational
18385,Kenya Association of Pofessional Counsellors(KAPC),Training Institution in Health (Stand-alone),Non-Governmental Organizations,Nairobi,Nairobi,Westlands,Parklands,Parlands,Parlkands,WESTLANDS,Stima Plaza Parklands,Level 2,,0,1,0,0,Operational
16169,Lady Northey Dispensary,Dental Clinic,Local Authority,Nairobi,Nairobi,Westlands,Westlands,Kilimani,,WESTLANDS,Nairobi,Level 2,,0,0,0,0,Operational
16800,Lea Toto Clinic (Nairobi West),Medical Clinic,Non-Governmental Organizations,Nairobi,Nairobi,Westlands,Westlands,Kangemi,Mountain View,WESTLANDS,Nairobi,Level 2,,0,0,0,0,Operational
13049,Lianas Clinic Health Centre,Health Centre,Private Enterprise (Institution),Nairobi,Nairobi,Westlands,Westlands,Kangemi,,WESTLANDS,Nairobi,Level 2,,1,1,9,3,Operational
13050,Liverpool VCT,VCT Centre (Stand-Alone),Non-Governmental Organizations,Nairobi,Nairobi,Westlands,Westlands,Kilimani,,WESTLANDS,Nairobi,Level 2,,0,0,0,0,Operational
13052,Lower Kabete Dispensary(kabete),Dispensary,Local Authority,Nairobi,Nairobi,Westlands,Westlands,L/Kabete,L/Kabete,WESTLANDS,next to Lower Kabete Primary School,Level 2,,0,0,0,0,Operational
13062,Maria Immaculate Health Centre,Health Centre,Kenya Episcopal Conference-Catholic Secretariat,Nairobi,Nairobi,Westlands,Westlands,Lavington,,WESTLANDS,Nairobi,Level 3,,1,1,27,2,Operational
13067,Marie Stopes Clinic (Westlands),Dispensary,Non-Governmental Organizations,Nairobi,Nairobi,Westlands,Westlands,Kilimani,,WESTLANDS,Nairobi,Level 2,,0,0,0,0,Operational
16798,Mawamu Clinic,Medical Clinic,Private Enterprise (Institution),Nairobi,Nairobi,Westlands,Westlands,Kangemi,Kangemi,WESTLANDS,Nairobi,Level 2,,0,0,0,0,Operational
13093,Mji wa Huruma Dispensary,Dispensary,Local Authority,Nairobi,Nairobi,Westlands,Westlands,Runda,,WESTLANDS,Nairobi,Level 2,,0,0,0,0,Operational
13098,MP Shah Hospital (Westlands),Other Hospital,Private Enterprise (Institution),Nairobi,Nairobi,Westlands,Westlands,Parklands,,WESTLANDS,Nairobi,Level 4,,1,1,0,0,Operational
13110,Nairobi Hospital,Other Hospital,Private Enterprise (Institution),Nairobi,Nairobi,Westlands,Westlands,Kilimani,,WESTLANDS,Hurlingham,Level 5,,1,1,350,100,Operational
13117,Nairobi Womens Hospital (Hurlingham),Other Hospital,Private Enterprise (Institution),Nairobi,Nairobi,Westlands,Westlands,Kilimani,Hurlingham,WESTLANDS,Nairobi,Level 4,,1,1,0,0,Operational
16795,Nairobi Womens Hospital Adams,Other Hospital,Private Enterprise (Institution),Nairobi,Nairobi,Westlands,Westlands,Kilimani,Maziwa,WESTLANDS,Nairobi,Level 4,,0,0,0,0,Operational
13194,National Spinal Injury Hospital,National Referral Hospital,Ministry of Health,Nairobi,Nairobi,Westlands,Westlands,Kilimani,Kilimani,WESTLANDS,near kilimani police station,Level 6,,1,1,30,0,Operational
13120,New Life Home Childrens Home (Westlands),Medical Clinic,Non-Governmental Organizations,Nairobi,Nairobi,Westlands,Westlands,Kilimani,,WESTLANDS,Yaya Centre,Level 2,,0,0,0,0,Operational
13137,Padens Medicare Centre,Medical Clinic,Private Enterprise (Institution),Nairobi,Nairobi,Westlands,Westlands,Westlands,,WESTLANDS,Nairobi,Level 2,,0,0,4,0,Operational
18773,SASA Center(westlands),Medical Clinic,Non-Governmental Organizations,Nairobi,Nairobi,Westlands,Kangemi,Kangemi,Kangemi,WESTLANDS,Westlands,Level 2,LRDagoreti/Kangemi/32,0,1,0,0,Pending Opening
17876,St Angela Merici Health Centre (Kingeero) ,Health Centre,Kenya Episcopal Conference-Catholic Secretariat,Nairobi,Nairobi,Westlands,Lower Kabete,Kingeero,Kingeero,WESTLANDS,Near Wangige Town,Level 3,543/544,1,1,11,2,Operational
13201,St Florence Medical Care Health Centre,Health Centre,Private Enterprise (Institution),Nairobi,Nairobi,Westlands,Westlands,Kangemi,Mountain View,WESTLANDS,Nairobi,Level 3,,0,0,12,0,Operational
13209,St Joseph W Dispensary (Westlands),Dispensary,Kenya Episcopal Conference-Catholic Secretariat,Nairobi,Nairobi,Westlands,Westlands,Uthiru,,WESTLANDS,Nairobi,Level 2,,0,0,0,0,Operational
13231,State House Clinic,Dispensary,Local Authority,Nairobi,Nairobi,Westlands,Westlands,Kilimani,,WESTLANDS,Nairobi,Level 2,,0,0,0,0,Operational
13232,State House Dispensary(Nairobi),Dispensary,Ministry of Health,Nairobi,Nairobi,Westlands,Westlands,Kilimani,Kilimani,WESTLANDS,Near Hurlingham,Level 2,State House,0,0,0,0,Operational
18281,Sunbeam Medical Centre,Dispensary,Private Enterprise (Institution),Nairobi,Nairobi,Westlands,kangemi,kangemi,,WESTLANDS,Kangemi,Level 2,,1,1,6,0,Operational
18544,Touch of Health - Well-Being Center,Health Programme,Private Practice - Unspecified,Nairobi,Nairobi,Westlands,Kilimani,Kilimani,Kilimani,WESTLANDS,Yaya Center,Level 2,,0,1,0,0,Operational
13242,University of Nairobi Dispensary,Dispensary,Parastatal,Nairobi,Nairobi,Westlands,Westlands,Kilimani,,WESTLANDS,Nairobi,Level 2,,0,0,0,0,Operational
13258,Westlands Health Centre,Health Centre,Local Authority,Nairobi,Nairobi,Westlands,Parklands,Parklands,Lower Parklands,WESTLANDS,near Sarit Centre,Level 3,-,1,1,20,0,Operational
